{
  "ogrenciler": "[{\"model\": \"mainproject.ogrenci\", \"pk\": 8, \"fields\": {\"ad_soyad\": \"Şeyma Ayday\", \"kayit_tarihi\": \"2025-08-29\", \"seviye\": \"HAZ2\", \"profil_foto\": \"\", \"ozel_notlar\": \"\", \"son_guncelleme\": \"2025-09-07T14:01:11.471Z\"}}, {\"model\": \"mainproject.ogrenci\", \"pk\": 9, \"fields\": {\"ad_soyad\": \"Büşra Ayday\", \"kayit_tarihi\": \"2025-08-29\", \"seviye\": \"HAZ1\", \"profil_foto\": \"\", \"ozel_notlar\": \"Bu çok iyi bir öğrenci\", \"son_guncelleme\": \"2025-09-07T14:01:11.475Z\"}}, {\"model\": \"mainproject.ogrenci\", \"pk\": 10, \"fields\": {\"ad_soyad\": \"Yeni̇\", \"kayit_tarihi\": \"2025-08-29\", \"seviye\": \"HAZ3\", \"profil_foto\": \"\", \"ozel_notlar\": \"\", \"son_guncelleme\": \"2025-09-07T14:01:11.479Z\"}}, {\"model\": \"mainproject.ogrenci\", \"pk\": 11, \"fields\": {\"ad_soyad\": \"Berre\", \"kayit_tarihi\": \"2025-08-29\", \"seviye\": \"HAZ1\", \"profil_foto\": \"\", \"ozel_notlar\": \"\", \"son_guncelleme\": \"2025-09-07T14:01:11.483Z\"}}, {\"model\": \"mainproject.ogrenci\", \"pk\": 12, \"fields\": {\"ad_soyad\": \"Şeymam Ayday\", \"kayit_tarihi\": \"2025-09-04\", \"seviye\": \"HAZ3\", \"profil_foto\": \"\", \"ozel_notlar\": \"\", \"son_guncelleme\": \"2025-09-07T14:01:11.488Z\"}}, {\"model\": \"mainproject.ogrenci\", \"pk\": 13, \"fields\": {\"ad_soyad\": \"Şeyma 3\", \"kayit_tarihi\": \"2025-09-05\", \"seviye\": \"HAZ1\", \"profil_foto\": \"ogrenci_profil/1_-_Kopya.jfif\", \"ozel_notlar\": \"\", \"son_guncelleme\": \"2025-09-07T14:01:11.494Z\"}}, {\"model\": \"mainproject.ogrenci\", \"pk\": 14, \"fields\": {\"ad_soyad\": \"Şeymacim 4\", \"kayit_tarihi\": \"2025-09-05\", \"seviye\": \"HAZ2\", \"profil_foto\": \"\", \"ozel_notlar\": \"\", \"son_guncelleme\": \"2025-09-07T14:01:11.498Z\"}}, {\"model\": \"mainproject.ogrenci\", \"pk\": 15, \"fields\": {\"ad_soyad\": \"Şeymacim 5\", \"kayit_tarihi\": \"2025-09-05\", \"seviye\": \"HAZ1\", \"profil_foto\": \"\", \"ozel_notlar\": \"öğrencinin disleksi sorunu olabilir\", \"son_guncelleme\": \"2025-09-07T14:01:11.501Z\"}}, {\"model\": \"mainproject.ogrenci\", \"pk\": 16, \"fields\": {\"ad_soyad\": \"Şeymacım 6\", \"kayit_tarihi\": \"2025-09-05\", \"seviye\": \"HAZ1\", \"profil_foto\": \"\", \"ozel_notlar\": \"\", \"son_guncelleme\": \"2025-09-07T14:01:11.505Z\"}}, {\"model\": \"mainproject.ogrenci\", \"pk\": 17, \"fields\": {\"ad_soyad\": \"Şeyma'Cım\", \"kayit_tarihi\": \"2025-09-05\", \"seviye\": \"HAZ1\", \"profil_foto\": \"\", \"ozel_notlar\": \"\", \"son_guncelleme\": \"2025-09-07T14:01:11.508Z\"}}, {\"model\": \"mainproject.ogrenci\", \"pk\": 18, \"fields\": {\"ad_soyad\": \"Şeyma Aydayım\", \"kayit_tarihi\": \"2025-09-05\", \"seviye\": \"HAZ3\", \"profil_foto\": \"\", \"ozel_notlar\": \"\", \"son_guncelleme\": \"2025-09-07T14:01:11.511Z\"}}, {\"model\": \"mainproject.ogrenci\", \"pk\": 19, \"fields\": {\"ad_soyad\": \"Şeymacim Ayday\", \"kayit_tarihi\": \"2025-09-05\", \"seviye\": \"HAZ1\", \"profil_foto\": \"\", \"ozel_notlar\": \"ŞEYMA\", \"son_guncelleme\": \"2025-09-07T14:01:11.514Z\"}}]",
  "yazilar": "[{\"model\": \"blog.yazi\", \"pk\": 3, \"fields\": {\"title\": \"TEST YAZISI\", \"description\": \"TEST YAZISITEST YAZISITEST YAZISITEST YAZISITEST YAZISITEST YAZISITEST YAZISITEST YAZISITEST YAZISITEST YAZISITEST YAZISITEST YAZISITEST YAZISITEST YAZISITEST YAZISI\", \"imageUrl\": \"uploads/IMG_8879.PNG\", \"date\": \"2025-09-07\", \"isActive\": true, \"slug\": \"test-yazisi\", \"tarih\": \"2025-09-07T14:02:11.432Z\", \"category\": 1}}]",
  "ezber_kayitlari": "[{\"model\": \"mainproject.ezberkaydi\", \"pk\": 14, \"fields\": {\"ogrenci\": 9, \"sure\": 13, \"durum\": \"DEVAM\", \"baslama_tarihi\": \"2025-08-29\", \"bitis_tarihi\": null, \"tahmini_bitis\": null, \"gunluk_calisma\": 1, \"zorluk\": 2, \"yorum\": \"İyi ezberliyor\", \"ilerleme\": 0}}, {\"model\": \"mainproject.ezberkaydi\", \"pk\": 15, \"fields\": {\"ogrenci\": 9, \"sure\": 1, \"durum\": \"BASLAMADI\", \"baslama_tarihi\": null, \"bitis_tarihi\": null, \"tahmini_bitis\": null, \"gunluk_calisma\": 1, \"zorluk\": 2, \"yorum\": \"\", \"ilerleme\": 0}}, {\"model\": \"mainproject.ezberkaydi\", \"pk\": 16, \"fields\": {\"ogrenci\": 9, \"sure\": 2, \"durum\": \"BASLAMADI\", \"baslama_tarihi\": null, \"bitis_tarihi\": null, \"tahmini_bitis\": null, \"gunluk_calisma\": 1, \"zorluk\": 2, \"yorum\": \"\", \"ilerleme\": 0}}, {\"model\": \"mainproject.ezberkaydi\", \"pk\": 17, \"fields\": {\"ogrenci\": 9, \"sure\": 3, \"durum\": \"BASLAMADI\", \"baslama_tarihi\": null, \"bitis_tarihi\": null, \"tahmini_bitis\": null, \"gunluk_calisma\": 1, \"zorluk\": 2, \"yorum\": \"\", \"ilerleme\": 0}}, {\"model\": \"mainproject.ezberkaydi\", \"pk\": 18, \"fields\": {\"ogrenci\": 9, \"sure\": 4, \"durum\": \"BASLAMADI\", \"baslama_tarihi\": null, \"bitis_tarihi\": null, \"tahmini_bitis\": null, \"gunluk_calisma\": 1, \"zorluk\": 2, \"yorum\": \"\", \"ilerleme\": 0}}, {\"model\": \"mainproject.ezberkaydi\", \"pk\": 19, \"fields\": {\"ogrenci\": 9, \"sure\": 5, \"durum\": \"BASLAMADI\", \"baslama_tarihi\": null, \"bitis_tarihi\": null, \"tahmini_bitis\": null, \"gunluk_calisma\": 1, \"zorluk\": 2, \"yorum\": \"\", \"ilerleme\": 0}}, {\"model\": \"mainproject.ezberkaydi\", \"pk\": 20, \"fields\": {\"ogrenci\": 9, \"sure\": 6, \"durum\": \"BASLAMADI\", \"baslama_tarihi\": null, \"bitis_tarihi\": null, \"tahmini_bitis\": null, \"gunluk_calisma\": 1, \"zorluk\": 2, \"yorum\": \"\", \"ilerleme\": 0}}, {\"model\": \"mainproject.ezberkaydi\", \"pk\": 21, \"fields\": {\"ogrenci\": 9, \"sure\": 7, \"durum\": \"BASLAMADI\", \"baslama_tarihi\": null, \"bitis_tarihi\": null, \"tahmini_bitis\": null, \"gunluk_calisma\": 1, \"zorluk\": 2, \"yorum\": \"\", \"ilerleme\": 0}}, {\"model\": \"mainproject.ezberkaydi\", \"pk\": 22, \"fields\": {\"ogrenci\": 9, \"sure\": 8, \"durum\": \"BASLAMADI\", \"baslama_tarihi\": null, \"bitis_tarihi\": null, \"tahmini_bitis\": null, \"gunluk_calisma\": 1, \"zorluk\": 2, \"yorum\": \"\", \"ilerleme\": 0}}, {\"model\": \"mainproject.ezberkaydi\", \"pk\": 23, \"fields\": {\"ogrenci\": 9, \"sure\": 9, \"durum\": \"BASLAMADI\", \"baslama_tarihi\": null, \"bitis_tarihi\": null, \"tahmini_bitis\": null, \"gunluk_calisma\": 1, \"zorluk\": 2, \"yorum\": \"\", \"ilerleme\": 0}}, {\"model\": \"mainproject.ezberkaydi\", \"pk\": 24, \"fields\": {\"ogrenci\": 9, \"sure\": 10, \"durum\": \"BASLAMADI\", \"baslama_tarihi\": null, \"bitis_tarihi\": null, \"tahmini_bitis\": null, \"gunluk_calisma\": 1, \"zorluk\": 2, \"yorum\": \"\", \"ilerleme\": 0}}, {\"model\": \"mainproject.ezberkaydi\", \"pk\": 25, \"fields\": {\"ogrenci\": 9, \"sure\": 11, \"durum\": \"BASLAMADI\", \"baslama_tarihi\": null, \"bitis_tarihi\": null, \"tahmini_bitis\": null, \"gunluk_calisma\": 1, \"zorluk\": 2, \"yorum\": \"\", \"ilerleme\": 0}}, {\"model\": \"mainproject.ezberkaydi\", \"pk\": 26, \"fields\": {\"ogrenci\": 9, \"sure\": 12, \"durum\": \"BASLAMADI\", \"baslama_tarihi\": null, \"bitis_tarihi\": null, \"tahmini_bitis\": null, \"gunluk_calisma\": 1, \"zorluk\": 2, \"yorum\": \"\", \"ilerleme\": 0}}, {\"model\": \"mainproject.ezberkaydi\", \"pk\": 40, \"fields\": {\"ogrenci\": 10, \"sure\": 13, \"durum\": \"BASLAMADI\", \"baslama_tarihi\": null, \"bitis_tarihi\": null, \"tahmini_bitis\": null, \"gunluk_calisma\": 1, \"zorluk\": 2, \"yorum\": \"\", \"ilerleme\": 0}}, {\"model\": \"mainproject.ezberkaydi\", \"pk\": 41, \"fields\": {\"ogrenci\": 10, \"sure\": 1, \"durum\": \"TAMAMLANDI\", \"baslama_tarihi\": \"2025-08-29\", \"bitis_tarihi\": \"2025-08-29\", \"tahmini_bitis\": null, \"gunluk_calisma\": 1, \"zorluk\": 2, \"yorum\": \"\", \"ilerleme\": 0}}, {\"model\": \"mainproject.ezberkaydi\", \"pk\": 42, \"fields\": {\"ogrenci\": 10, \"sure\": 2, \"durum\": \"DEVAM\", \"baslama_tarihi\": \"2025-08-29\", \"bitis_tarihi\": null, \"tahmini_bitis\": null, \"gunluk_calisma\": 1, \"zorluk\": 2, \"yorum\": \"\", \"ilerleme\": 75}}, {\"model\": \"mainproject.ezberkaydi\", \"pk\": 43, \"fields\": {\"ogrenci\": 10, \"sure\": 3, \"durum\": \"TAMAMLANDI\", \"baslama_tarihi\": \"2025-09-05\", \"bitis_tarihi\": \"2025-09-05\", \"tahmini_bitis\": null, \"gunluk_calisma\": 1, \"zorluk\": 2, \"yorum\": \"\", \"ilerleme\": 100}}, {\"model\": \"mainproject.ezberkaydi\", \"pk\": 44, \"fields\": {\"ogrenci\": 10, \"sure\": 4, \"durum\": \"BASLAMADI\", \"baslama_tarihi\": null, \"bitis_tarihi\": null, \"tahmini_bitis\": null, \"gunluk_calisma\": 1, \"zorluk\": 2, \"yorum\": \"\", \"ilerleme\": 0}}, {\"model\": \"mainproject.ezberkaydi\", \"pk\": 45, \"fields\": {\"ogrenci\": 10, \"sure\": 5, \"durum\": \"BASLAMADI\", \"baslama_tarihi\": null, \"bitis_tarihi\": null, \"tahmini_bitis\": null, \"gunluk_calisma\": 1, \"zorluk\": 2, \"yorum\": \"\", \"ilerleme\": 0}}, {\"model\": \"mainproject.ezberkaydi\", \"pk\": 46, \"fields\": {\"ogrenci\": 10, \"sure\": 6, \"durum\": \"BASLAMADI\", \"baslama_tarihi\": null, \"bitis_tarihi\": null, \"tahmini_bitis\": null, \"gunluk_calisma\": 1, \"zorluk\": 2, \"yorum\": \"\", \"ilerleme\": 0}}, {\"model\": \"mainproject.ezberkaydi\", \"pk\": 47, \"fields\": {\"ogrenci\": 10, \"sure\": 7, \"durum\": \"BASLAMADI\", \"baslama_tarihi\": null, \"bitis_tarihi\": null, \"tahmini_bitis\": null, \"gunluk_calisma\": 1, \"zorluk\": 2, \"yorum\": \"\", \"ilerleme\": 0}}, {\"model\": \"mainproject.ezberkaydi\", \"pk\": 48, \"fields\": {\"ogrenci\": 10, \"sure\": 8, \"durum\": \"TAMAMLANDI\", \"baslama_tarihi\": \"2025-09-01\", \"bitis_tarihi\": \"2025-09-05\", \"tahmini_bitis\": null, \"gunluk_calisma\": 1, \"zorluk\": 2, \"yorum\": \"\", \"ilerleme\": 100}}, {\"model\": \"mainproject.ezberkaydi\", \"pk\": 49, \"fields\": {\"ogrenci\": 10, \"sure\": 9, \"durum\": \"BASLAMADI\", \"baslama_tarihi\": null, \"bitis_tarihi\": null, \"tahmini_bitis\": null, \"gunluk_calisma\": 1, \"zorluk\": 2, \"yorum\": \"\", \"ilerleme\": 0}}, {\"model\": \"mainproject.ezberkaydi\", \"pk\": 50, \"fields\": {\"ogrenci\": 10, \"sure\": 10, \"durum\": \"TAMAMLANDI\", \"baslama_tarihi\": \"2025-09-01\", \"bitis_tarihi\": \"2025-09-19\", \"tahmini_bitis\": null, \"gunluk_calisma\": 1, \"zorluk\": 2, \"yorum\": \"\", \"ilerleme\": 100}}, {\"model\": \"mainproject.ezberkaydi\", \"pk\": 51, \"fields\": {\"ogrenci\": 10, \"sure\": 11, \"durum\": \"BASLAMADI\", \"baslama_tarihi\": null, \"bitis_tarihi\": null, \"tahmini_bitis\": null, \"gunluk_calisma\": 1, \"zorluk\": 2, \"yorum\": \"\", \"ilerleme\": 0}}, {\"model\": \"mainproject.ezberkaydi\", \"pk\": 52, \"fields\": {\"ogrenci\": 10, \"sure\": 12, \"durum\": \"BASLAMADI\", \"baslama_tarihi\": null, \"bitis_tarihi\": null, \"tahmini_bitis\": null, \"gunluk_calisma\": 1, \"zorluk\": 2, \"yorum\": \"\", \"ilerleme\": 0}}, {\"model\": \"mainproject.ezberkaydi\", \"pk\": 53, \"fields\": {\"ogrenci\": 11, \"sure\": 1, \"durum\": \"DEVAM\", \"baslama_tarihi\": \"2025-08-29\", \"bitis_tarihi\": null, \"tahmini_bitis\": null, \"gunluk_calisma\": 1, \"zorluk\": 2, \"yorum\": \"\", \"ilerleme\": 0}}, {\"model\": \"mainproject.ezberkaydi\", \"pk\": 54, \"fields\": {\"ogrenci\": 11, \"sure\": 2, \"durum\": \"BASLAMADI\", \"baslama_tarihi\": null, \"bitis_tarihi\": null, \"tahmini_bitis\": null, \"gunluk_calisma\": 1, \"zorluk\": 2, \"yorum\": \"\", \"ilerleme\": 0}}, {\"model\": \"mainproject.ezberkaydi\", \"pk\": 55, \"fields\": {\"ogrenci\": 11, \"sure\": 3, \"durum\": \"BASLAMADI\", \"baslama_tarihi\": null, \"bitis_tarihi\": null, \"tahmini_bitis\": null, \"gunluk_calisma\": 1, \"zorluk\": 2, \"yorum\": \"\", \"ilerleme\": 0}}, {\"model\": \"mainproject.ezberkaydi\", \"pk\": 56, \"fields\": {\"ogrenci\": 11, \"sure\": 4, \"durum\": \"BASLAMADI\", \"baslama_tarihi\": null, \"bitis_tarihi\": null, \"tahmini_bitis\": null, \"gunluk_calisma\": 1, \"zorluk\": 2, \"yorum\": \"\", \"ilerleme\": 0}}, {\"model\": \"mainproject.ezberkaydi\", \"pk\": 57, \"fields\": {\"ogrenci\": 11, \"sure\": 5, \"durum\": \"BASLAMADI\", \"baslama_tarihi\": null, \"bitis_tarihi\": null, \"tahmini_bitis\": null, \"gunluk_calisma\": 1, \"zorluk\": 2, \"yorum\": \"\", \"ilerleme\": 0}}, {\"model\": \"mainproject.ezberkaydi\", \"pk\": 58, \"fields\": {\"ogrenci\": 11, \"sure\": 6, \"durum\": \"BASLAMADI\", \"baslama_tarihi\": null, \"bitis_tarihi\": null, \"tahmini_bitis\": null, \"gunluk_calisma\": 1, \"zorluk\": 2, \"yorum\": \"\", \"ilerleme\": 0}}, {\"model\": \"mainproject.ezberkaydi\", \"pk\": 59, \"fields\": {\"ogrenci\": 11, \"sure\": 7, \"durum\": \"BASLAMADI\", \"baslama_tarihi\": null, \"bitis_tarihi\": null, \"tahmini_bitis\": null, \"gunluk_calisma\": 1, \"zorluk\": 2, \"yorum\": \"\", \"ilerleme\": 0}}, {\"model\": \"mainproject.ezberkaydi\", \"pk\": 60, \"fields\": {\"ogrenci\": 11, \"sure\": 8, \"durum\": \"BASLAMADI\", \"baslama_tarihi\": null, \"bitis_tarihi\": null, \"tahmini_bitis\": null, \"gunluk_calisma\": 1, \"zorluk\": 2, \"yorum\": \"\", \"ilerleme\": 0}}, {\"model\": \"mainproject.ezberkaydi\", \"pk\": 61, \"fields\": {\"ogrenci\": 11, \"sure\": 9, \"durum\": \"BASLAMADI\", \"baslama_tarihi\": null, \"bitis_tarihi\": null, \"tahmini_bitis\": null, \"gunluk_calisma\": 1, \"zorluk\": 2, \"yorum\": \"\", \"ilerleme\": 0}}, {\"model\": \"mainproject.ezberkaydi\", \"pk\": 62, \"fields\": {\"ogrenci\": 11, \"sure\": 10, \"durum\": \"BASLAMADI\", \"baslama_tarihi\": null, \"bitis_tarihi\": null, \"tahmini_bitis\": null, \"gunluk_calisma\": 1, \"zorluk\": 2, \"yorum\": \"\", \"ilerleme\": 0}}, {\"model\": \"mainproject.ezberkaydi\", \"pk\": 63, \"fields\": {\"ogrenci\": 11, \"sure\": 11, \"durum\": \"BASLAMADI\", \"baslama_tarihi\": null, \"bitis_tarihi\": null, \"tahmini_bitis\": null, \"gunluk_calisma\": 1, \"zorluk\": 2, \"yorum\": \"\", \"ilerleme\": 0}}, {\"model\": \"mainproject.ezberkaydi\", \"pk\": 64, \"fields\": {\"ogrenci\": 11, \"sure\": 12, \"durum\": \"BASLAMADI\", \"baslama_tarihi\": null, \"bitis_tarihi\": null, \"tahmini_bitis\": null, \"gunluk_calisma\": 1, \"zorluk\": 2, \"yorum\": \"\", \"ilerleme\": 0}}, {\"model\": \"mainproject.ezberkaydi\", \"pk\": 65, \"fields\": {\"ogrenci\": 11, \"sure\": 13, \"durum\": \"BASLAMADI\", \"baslama_tarihi\": null, \"bitis_tarihi\": null, \"tahmini_bitis\": null, \"gunluk_calisma\": 1, \"zorluk\": 2, \"yorum\": \"\", \"ilerleme\": 0}}, {\"model\": \"mainproject.ezberkaydi\", \"pk\": 184, \"fields\": {\"ogrenci\": 8, \"sure\": 1, \"durum\": \"DEVAM\", \"baslama_tarihi\": \"2025-09-04\", \"bitis_tarihi\": null, \"tahmini_bitis\": null, \"gunluk_calisma\": 1, \"zorluk\": 2, \"yorum\": \"\", \"ilerleme\": 39}}, {\"model\": \"mainproject.ezberkaydi\", \"pk\": 185, \"fields\": {\"ogrenci\": 8, \"sure\": 2, \"durum\": \"DEVAM\", \"baslama_tarihi\": \"2025-09-04\", \"bitis_tarihi\": null, \"tahmini_bitis\": null, \"gunluk_calisma\": 1, \"zorluk\": 2, \"yorum\": \"\", \"ilerleme\": 80}}, {\"model\": \"mainproject.ezberkaydi\", \"pk\": 186, \"fields\": {\"ogrenci\": 8, \"sure\": 3, \"durum\": \"TAMAMLANDI\", \"baslama_tarihi\": \"2025-09-04\", \"bitis_tarihi\": \"2025-09-04\", \"tahmini_bitis\": null, \"gunluk_calisma\": 1, \"zorluk\": 2, \"yorum\": \"\", \"ilerleme\": 100}}, {\"model\": \"mainproject.ezberkaydi\", \"pk\": 187, \"fields\": {\"ogrenci\": 8, \"sure\": 13, \"durum\": \"DEVAM\", \"baslama_tarihi\": \"2025-09-04\", \"bitis_tarihi\": null, \"tahmini_bitis\": null, \"gunluk_calisma\": 1, \"zorluk\": 2, \"yorum\": \"\", \"ilerleme\": 14}}, {\"model\": \"mainproject.ezberkaydi\", \"pk\": 188, \"fields\": {\"ogrenci\": 8, \"sure\": 6, \"durum\": \"TAMAMLANDI\", \"baslama_tarihi\": \"2025-09-04\", \"bitis_tarihi\": \"2025-09-04\", \"tahmini_bitis\": null, \"gunluk_calisma\": 1, \"zorluk\": 2, \"yorum\": \"\", \"ilerleme\": 100}}, {\"model\": \"mainproject.ezberkaydi\", \"pk\": 189, \"fields\": {\"ogrenci\": 12, \"sure\": 1, \"durum\": \"TAMAMLANDI\", \"baslama_tarihi\": \"2025-09-04\", \"bitis_tarihi\": \"2025-09-04\", \"tahmini_bitis\": null, \"gunluk_calisma\": 1, \"zorluk\": 2, \"yorum\": \"\", \"ilerleme\": 0}}, {\"model\": \"mainproject.ezberkaydi\", \"pk\": 190, \"fields\": {\"ogrenci\": 12, \"sure\": 2, \"durum\": \"TAMAMLANDI\", \"baslama_tarihi\": null, \"bitis_tarihi\": \"2025-09-04\", \"tahmini_bitis\": null, \"gunluk_calisma\": 1, \"zorluk\": 2, \"yorum\": \"\", \"ilerleme\": 0}}, {\"model\": \"mainproject.ezberkaydi\", \"pk\": 191, \"fields\": {\"ogrenci\": 12, \"sure\": 3, \"durum\": \"TAMAMLANDI\", \"baslama_tarihi\": null, \"bitis_tarihi\": \"2025-09-04\", \"tahmini_bitis\": null, \"gunluk_calisma\": 1, \"zorluk\": 2, \"yorum\": \"\", \"ilerleme\": 0}}, {\"model\": \"mainproject.ezberkaydi\", \"pk\": 192, \"fields\": {\"ogrenci\": 12, \"sure\": 4, \"durum\": \"TAMAMLANDI\", \"baslama_tarihi\": null, \"bitis_tarihi\": \"2025-09-04\", \"tahmini_bitis\": null, \"gunluk_calisma\": 1, \"zorluk\": 2, \"yorum\": \"\", \"ilerleme\": 0}}, {\"model\": \"mainproject.ezberkaydi\", \"pk\": 193, \"fields\": {\"ogrenci\": 13, \"sure\": 2, \"durum\": \"DEVAM\", \"baslama_tarihi\": \"2025-09-05\", \"bitis_tarihi\": null, \"tahmini_bitis\": null, \"gunluk_calisma\": 1, \"zorluk\": 2, \"yorum\": \"\", \"ilerleme\": 0}}, {\"model\": \"mainproject.ezberkaydi\", \"pk\": 194, \"fields\": {\"ogrenci\": 13, \"sure\": 3, \"durum\": \"DEVAM\", \"baslama_tarihi\": \"2025-09-05\", \"bitis_tarihi\": null, \"tahmini_bitis\": null, \"gunluk_calisma\": 1, \"zorluk\": 2, \"yorum\": \"\", \"ilerleme\": 0}}, {\"model\": \"mainproject.ezberkaydi\", \"pk\": 195, \"fields\": {\"ogrenci\": 14, \"sure\": 1, \"durum\": \"TAMAMLANDI\", \"baslama_tarihi\": \"2025-09-03\", \"bitis_tarihi\": \"2025-09-05\", \"tahmini_bitis\": null, \"gunluk_calisma\": 1, \"zorluk\": 2, \"yorum\": \"\", \"ilerleme\": 0}}, {\"model\": \"mainproject.ezberkaydi\", \"pk\": 196, \"fields\": {\"ogrenci\": 14, \"sure\": 2, \"durum\": \"TAMAMLANDI\", \"baslama_tarihi\": \"2025-09-05\", \"bitis_tarihi\": \"2025-09-05\", \"tahmini_bitis\": null, \"gunluk_calisma\": 1, \"zorluk\": 2, \"yorum\": \"\", \"ilerleme\": 0}}, {\"model\": \"mainproject.ezberkaydi\", \"pk\": 197, \"fields\": {\"ogrenci\": 15, \"sure\": 1, \"durum\": \"TAMAMLANDI\", \"baslama_tarihi\": \"2025-08-08\", \"bitis_tarihi\": \"2025-09-05\", \"tahmini_bitis\": null, \"gunluk_calisma\": 1, \"zorluk\": 2, \"yorum\": \"\", \"ilerleme\": 0}}, {\"model\": \"mainproject.ezberkaydi\", \"pk\": 198, \"fields\": {\"ogrenci\": 15, \"sure\": 2, \"durum\": \"DEVAM\", \"baslama_tarihi\": \"2025-09-05\", \"bitis_tarihi\": null, \"tahmini_bitis\": null, \"gunluk_calisma\": 1, \"zorluk\": 2, \"yorum\": \"\", \"ilerleme\": 0}}, {\"model\": \"mainproject.ezberkaydi\", \"pk\": 199, \"fields\": {\"ogrenci\": 16, \"sure\": 9, \"durum\": \"TAMAMLANDI\", \"baslama_tarihi\": \"2025-09-05\", \"bitis_tarihi\": \"2025-09-05\", \"tahmini_bitis\": null, \"gunluk_calisma\": 1, \"zorluk\": 2, \"yorum\": \"\", \"ilerleme\": 0}}, {\"model\": \"mainproject.ezberkaydi\", \"pk\": 200, \"fields\": {\"ogrenci\": 17, \"sure\": 2, \"durum\": \"TAMAMLANDI\", \"baslama_tarihi\": \"2025-09-05\", \"bitis_tarihi\": \"2025-09-05\", \"tahmini_bitis\": null, \"gunluk_calisma\": 1, \"zorluk\": 2, \"yorum\": \"\", \"ilerleme\": 0}}, {\"model\": \"mainproject.ezberkaydi\", \"pk\": 201, \"fields\": {\"ogrenci\": 18, \"sure\": 1, \"durum\": \"TAMAMLANDI\", \"baslama_tarihi\": \"2025-09-05\", \"bitis_tarihi\": \"2025-09-05\", \"tahmini_bitis\": null, \"gunluk_calisma\": 1, \"zorluk\": 2, \"yorum\": \"\", \"ilerleme\": 0}}, {\"model\": \"mainproject.ezberkaydi\", \"pk\": 202, \"fields\": {\"ogrenci\": 18, \"sure\": 2, \"durum\": \"TAMAMLANDI\", \"baslama_tarihi\": \"2025-09-05\", \"bitis_tarihi\": \"2025-09-05\", \"tahmini_bitis\": null, \"gunluk_calisma\": 1, \"zorluk\": 2, \"yorum\": \"\", \"ilerleme\": 0}}, {\"model\": \"mainproject.ezberkaydi\", \"pk\": 203, \"fields\": {\"ogrenci\": 18, \"sure\": 3, \"durum\": \"TAMAMLANDI\", \"baslama_tarihi\": \"2025-09-05\", \"bitis_tarihi\": \"2025-09-05\", \"tahmini_bitis\": null, \"gunluk_calisma\": 1, \"zorluk\": 2, \"yorum\": \"\", \"ilerleme\": 0}}, {\"model\": \"mainproject.ezberkaydi\", \"pk\": 204, \"fields\": {\"ogrenci\": 18, \"sure\": 4, \"durum\": \"TAMAMLANDI\", \"baslama_tarihi\": null, \"bitis_tarihi\": \"2025-09-05\", \"tahmini_bitis\": null, \"gunluk_calisma\": 1, \"zorluk\": 2, \"yorum\": \"\", \"ilerleme\": 0}}, {\"model\": \"mainproject.ezberkaydi\", \"pk\": 205, \"fields\": {\"ogrenci\": 18, \"sure\": 5, \"durum\": \"TAMAMLANDI\", \"baslama_tarihi\": \"2025-09-05\", \"bitis_tarihi\": \"2025-09-05\", \"tahmini_bitis\": null, \"gunluk_calisma\": 1, \"zorluk\": 2, \"yorum\": \"\", \"ilerleme\": 0}}]",
  "sinav_sonuclari": "[{\"model\": \"mainproject.sinavsonucu\", \"pk\": 11, \"fields\": {\"ogrenci\": 9, \"ders\": 1, \"sinav_tipi\": \"GENEL\", \"puan\": 85, \"tarih\": \"2025-08-29\", \"aciklama\": \"Sistem tarafından eklendi\"}}, {\"model\": \"mainproject.sinavsonucu\", \"pk\": 12, \"fields\": {\"ogrenci\": 9, \"ders\": 2, \"sinav_tipi\": \"GENEL\", \"puan\": 0, \"tarih\": \"2025-08-29\", \"aciklama\": \"Sistem tarafından eklendi\"}}, {\"model\": \"mainproject.sinavsonucu\", \"pk\": 13, \"fields\": {\"ogrenci\": 9, \"ders\": 3, \"sinav_tipi\": \"GENEL\", \"puan\": 0, \"tarih\": \"2025-08-29\", \"aciklama\": \"Sistem tarafından eklendi\"}}, {\"model\": \"mainproject.sinavsonucu\", \"pk\": 14, \"fields\": {\"ogrenci\": 9, \"ders\": 4, \"sinav_tipi\": \"GENEL\", \"puan\": 0, \"tarih\": \"2025-08-29\", \"aciklama\": \"Sistem tarafından eklendi\"}}, {\"model\": \"mainproject.sinavsonucu\", \"pk\": 15, \"fields\": {\"ogrenci\": 9, \"ders\": 5, \"sinav_tipi\": \"GENEL\", \"puan\": 0, \"tarih\": \"2025-08-29\", \"aciklama\": \"Sistem tarafından eklendi\"}}, {\"model\": \"mainproject.sinavsonucu\", \"pk\": 25, \"fields\": {\"ogrenci\": 11, \"ders\": 1, \"sinav_tipi\": \"VIZE\", \"puan\": 85, \"tarih\": \"2025-08-29\", \"aciklama\": \"1. sınav\"}}, {\"model\": \"mainproject.sinavsonucu\", \"pk\": 26, \"fields\": {\"ogrenci\": 11, \"ders\": 2, \"sinav_tipi\": \"VIZE\", \"puan\": 80, \"tarih\": \"2025-08-29\", \"aciklama\": \"1. sınav\"}}, {\"model\": \"mainproject.sinavsonucu\", \"pk\": 27, \"fields\": {\"ogrenci\": 11, \"ders\": 3, \"sinav_tipi\": \"VIZE\", \"puan\": 80, \"tarih\": \"2025-08-29\", \"aciklama\": \"1. sınav\"}}, {\"model\": \"mainproject.sinavsonucu\", \"pk\": 28, \"fields\": {\"ogrenci\": 11, \"ders\": 4, \"sinav_tipi\": \"VIZE\", \"puan\": 78, \"tarih\": \"2025-08-29\", \"aciklama\": \"1. sınav\"}}, {\"model\": \"mainproject.sinavsonucu\", \"pk\": 29, \"fields\": {\"ogrenci\": 11, \"ders\": 5, \"sinav_tipi\": \"VIZE\", \"puan\": 90, \"tarih\": \"2025-08-29\", \"aciklama\": \"1. sınav\"}}, {\"model\": \"mainproject.sinavsonucu\", \"pk\": 30, \"fields\": {\"ogrenci\": 11, \"ders\": 1, \"sinav_tipi\": \"VIZE\", \"puan\": 90, \"tarih\": \"2025-08-29\", \"aciklama\": \"2. sınav\"}}, {\"model\": \"mainproject.sinavsonucu\", \"pk\": 31, \"fields\": {\"ogrenci\": 11, \"ders\": 1, \"sinav_tipi\": \"VIZE\", \"puan\": 90, \"tarih\": \"2025-08-29\", \"aciklama\": \"2. sınav\"}}, {\"model\": \"mainproject.sinavsonucu\", \"pk\": 32, \"fields\": {\"ogrenci\": 11, \"ders\": 2, \"sinav_tipi\": \"VIZE\", \"puan\": 88, \"tarih\": \"2025-08-29\", \"aciklama\": \"2. sınav\"}}, {\"model\": \"mainproject.sinavsonucu\", \"pk\": 33, \"fields\": {\"ogrenci\": 11, \"ders\": 3, \"sinav_tipi\": \"VIZE\", \"puan\": 50, \"tarih\": \"2025-08-29\", \"aciklama\": \"2. sınav\"}}, {\"model\": \"mainproject.sinavsonucu\", \"pk\": 34, \"fields\": {\"ogrenci\": 11, \"ders\": 1, \"sinav_tipi\": \"VIZE\", \"puan\": 90, \"tarih\": \"2025-08-29\", \"aciklama\": \"2. sınav\"}}, {\"model\": \"mainproject.sinavsonucu\", \"pk\": 35, \"fields\": {\"ogrenci\": 11, \"ders\": 1, \"sinav_tipi\": \"VIZE\", \"puan\": 90, \"tarih\": \"2025-08-29\", \"aciklama\": \"3. sınav\"}}, {\"model\": \"mainproject.sinavsonucu\", \"pk\": 36, \"fields\": {\"ogrenci\": 11, \"ders\": 2, \"sinav_tipi\": \"VIZE\", \"puan\": 88, \"tarih\": \"2025-08-29\", \"aciklama\": \"2. sınav\"}}, {\"model\": \"mainproject.sinavsonucu\", \"pk\": 37, \"fields\": {\"ogrenci\": 11, \"ders\": 3, \"sinav_tipi\": \"VIZE\", \"puan\": 50, \"tarih\": \"2025-08-29\", \"aciklama\": \"2. sınav\"}}, {\"model\": \"mainproject.sinavsonucu\", \"pk\": 38, \"fields\": {\"ogrenci\": 11, \"ders\": 4, \"sinav_tipi\": \"VIZE\", \"puan\": 50, \"tarih\": \"2025-08-29\", \"aciklama\": \"2. sınav\"}}, {\"model\": \"mainproject.sinavsonucu\", \"pk\": 222, \"fields\": {\"ogrenci\": 12, \"ders\": 1, \"sinav_tipi\": \"GENEL\", \"puan\": 0, \"tarih\": \"2025-09-04\", \"aciklama\": \"Ana sınav\"}}, {\"model\": \"mainproject.sinavsonucu\", \"pk\": 223, \"fields\": {\"ogrenci\": 12, \"ders\": 2, \"sinav_tipi\": \"GENEL\", \"puan\": 0, \"tarih\": \"2025-09-04\", \"aciklama\": \"Ana sınav\"}}, {\"model\": \"mainproject.sinavsonucu\", \"pk\": 224, \"fields\": {\"ogrenci\": 12, \"ders\": 3, \"sinav_tipi\": \"GENEL\", \"puan\": 0, \"tarih\": \"2025-09-04\", \"aciklama\": \"Ana sınav\"}}, {\"model\": \"mainproject.sinavsonucu\", \"pk\": 225, \"fields\": {\"ogrenci\": 12, \"ders\": 4, \"sinav_tipi\": \"GENEL\", \"puan\": 0, \"tarih\": \"2025-09-04\", \"aciklama\": \"Ana sınav\"}}, {\"model\": \"mainproject.sinavsonucu\", \"pk\": 226, \"fields\": {\"ogrenci\": 12, \"ders\": 5, \"sinav_tipi\": \"GENEL\", \"puan\": 0, \"tarih\": \"2025-09-04\", \"aciklama\": \"Ana sınav\"}}, {\"model\": \"mainproject.sinavsonucu\", \"pk\": 232, \"fields\": {\"ogrenci\": 8, \"ders\": 1, \"sinav_tipi\": \"GENEL\", \"puan\": 50, \"tarih\": \"2025-09-05\", \"aciklama\": \"1. sınav\"}}, {\"model\": \"mainproject.sinavsonucu\", \"pk\": 233, \"fields\": {\"ogrenci\": 8, \"ders\": 1, \"sinav_tipi\": \"GENEL\", \"puan\": 65, \"tarih\": \"2025-09-05\", \"aciklama\": \"2. sınav\"}}, {\"model\": \"mainproject.sinavsonucu\", \"pk\": 234, \"fields\": {\"ogrenci\": 8, \"ders\": 1, \"sinav_tipi\": \"GENEL\", \"puan\": 70, \"tarih\": \"2025-09-05\", \"aciklama\": \"3. sınav\"}}, {\"model\": \"mainproject.sinavsonucu\", \"pk\": 235, \"fields\": {\"ogrenci\": 8, \"ders\": 2, \"sinav_tipi\": \"GENEL\", \"puan\": 100, \"tarih\": \"2025-09-05\", \"aciklama\": \"1. sınav\"}}, {\"model\": \"mainproject.sinavsonucu\", \"pk\": 236, \"fields\": {\"ogrenci\": 8, \"ders\": 2, \"sinav_tipi\": \"GENEL\", \"puan\": 90, \"tarih\": \"2025-09-05\", \"aciklama\": \"2. sınav\"}}, {\"model\": \"mainproject.sinavsonucu\", \"pk\": 237, \"fields\": {\"ogrenci\": 8, \"ders\": 2, \"sinav_tipi\": \"GENEL\", \"puan\": 87, \"tarih\": \"2025-09-05\", \"aciklama\": \"3. sınav\"}}, {\"model\": \"mainproject.sinavsonucu\", \"pk\": 238, \"fields\": {\"ogrenci\": 8, \"ders\": 3, \"sinav_tipi\": \"GENEL\", \"puan\": 65, \"tarih\": \"2025-09-05\", \"aciklama\": \"1. sınav\"}}, {\"model\": \"mainproject.sinavsonucu\", \"pk\": 239, \"fields\": {\"ogrenci\": 8, \"ders\": 3, \"sinav_tipi\": \"GENEL\", \"puan\": 77, \"tarih\": \"2025-09-05\", \"aciklama\": \"2. sınav\"}}, {\"model\": \"mainproject.sinavsonucu\", \"pk\": 240, \"fields\": {\"ogrenci\": 8, \"ders\": 3, \"sinav_tipi\": \"GENEL\", \"puan\": 89, \"tarih\": \"2025-09-05\", \"aciklama\": \"3. sınav\"}}, {\"model\": \"mainproject.sinavsonucu\", \"pk\": 241, \"fields\": {\"ogrenci\": 8, \"ders\": 4, \"sinav_tipi\": \"GENEL\", \"puan\": 25, \"tarih\": \"2025-09-05\", \"aciklama\": \"1. sınav\"}}, {\"model\": \"mainproject.sinavsonucu\", \"pk\": 242, \"fields\": {\"ogrenci\": 8, \"ders\": 4, \"sinav_tipi\": \"GENEL\", \"puan\": 56, \"tarih\": \"2025-09-05\", \"aciklama\": \"2. sınav\"}}, {\"model\": \"mainproject.sinavsonucu\", \"pk\": 243, \"fields\": {\"ogrenci\": 8, \"ders\": 4, \"sinav_tipi\": \"GENEL\", \"puan\": 90, \"tarih\": \"2025-09-05\", \"aciklama\": \"3. sınav\"}}, {\"model\": \"mainproject.sinavsonucu\", \"pk\": 244, \"fields\": {\"ogrenci\": 8, \"ders\": 5, \"sinav_tipi\": \"GENEL\", \"puan\": 90, \"tarih\": \"2025-09-05\", \"aciklama\": \"1. sınav\"}}, {\"model\": \"mainproject.sinavsonucu\", \"pk\": 245, \"fields\": {\"ogrenci\": 8, \"ders\": 5, \"sinav_tipi\": \"GENEL\", \"puan\": 98, \"tarih\": \"2025-09-05\", \"aciklama\": \"2. sınav\"}}, {\"model\": \"mainproject.sinavsonucu\", \"pk\": 246, \"fields\": {\"ogrenci\": 8, \"ders\": 5, \"sinav_tipi\": \"GENEL\", \"puan\": 78, \"tarih\": \"2025-09-05\", \"aciklama\": \"3. sınav\"}}, {\"model\": \"mainproject.sinavsonucu\", \"pk\": 252, \"fields\": {\"ogrenci\": 14, \"ders\": 1, \"sinav_tipi\": \"GENEL\", \"puan\": 76, \"tarih\": \"2025-09-05\", \"aciklama\": \"Ana sınav\"}}, {\"model\": \"mainproject.sinavsonucu\", \"pk\": 253, \"fields\": {\"ogrenci\": 14, \"ders\": 2, \"sinav_tipi\": \"GENEL\", \"puan\": 56, \"tarih\": \"2025-09-05\", \"aciklama\": \"Ana sınav\"}}, {\"model\": \"mainproject.sinavsonucu\", \"pk\": 254, \"fields\": {\"ogrenci\": 14, \"ders\": 3, \"sinav_tipi\": \"GENEL\", \"puan\": 78, \"tarih\": \"2025-09-05\", \"aciklama\": \"Ana sınav\"}}, {\"model\": \"mainproject.sinavsonucu\", \"pk\": 255, \"fields\": {\"ogrenci\": 14, \"ders\": 4, \"sinav_tipi\": \"GENEL\", \"puan\": 98, \"tarih\": \"2025-09-05\", \"aciklama\": \"Ana sınav\"}}, {\"model\": \"mainproject.sinavsonucu\", \"pk\": 256, \"fields\": {\"ogrenci\": 14, \"ders\": 5, \"sinav_tipi\": \"GENEL\", \"puan\": 56, \"tarih\": \"2025-09-05\", \"aciklama\": \"Ana sınav\"}}, {\"model\": \"mainproject.sinavsonucu\", \"pk\": 257, \"fields\": {\"ogrenci\": 15, \"ders\": 1, \"sinav_tipi\": \"GENEL\", \"puan\": 45, \"tarih\": \"2025-09-05\", \"aciklama\": \"Ana sınav\"}}, {\"model\": \"mainproject.sinavsonucu\", \"pk\": 258, \"fields\": {\"ogrenci\": 15, \"ders\": 2, \"sinav_tipi\": \"GENEL\", \"puan\": 33, \"tarih\": \"2025-09-05\", \"aciklama\": \"Ana sınav\"}}, {\"model\": \"mainproject.sinavsonucu\", \"pk\": 259, \"fields\": {\"ogrenci\": 15, \"ders\": 3, \"sinav_tipi\": \"GENEL\", \"puan\": 25, \"tarih\": \"2025-09-05\", \"aciklama\": \"Ana sınav\"}}, {\"model\": \"mainproject.sinavsonucu\", \"pk\": 260, \"fields\": {\"ogrenci\": 15, \"ders\": 4, \"sinav_tipi\": \"GENEL\", \"puan\": 44, \"tarih\": \"2025-09-05\", \"aciklama\": \"Ana sınav\"}}, {\"model\": \"mainproject.sinavsonucu\", \"pk\": 261, \"fields\": {\"ogrenci\": 15, \"ders\": 5, \"sinav_tipi\": \"GENEL\", \"puan\": 14, \"tarih\": \"2025-09-05\", \"aciklama\": \"Ana sınav\"}}, {\"model\": \"mainproject.sinavsonucu\", \"pk\": 262, \"fields\": {\"ogrenci\": 16, \"ders\": 1, \"sinav_tipi\": \"GENEL\", \"puan\": 65, \"tarih\": \"2025-09-05\", \"aciklama\": \"Ana sınav\"}}, {\"model\": \"mainproject.sinavsonucu\", \"pk\": 263, \"fields\": {\"ogrenci\": 16, \"ders\": 2, \"sinav_tipi\": \"GENEL\", \"puan\": 36, \"tarih\": \"2025-09-05\", \"aciklama\": \"Ana sınav\"}}, {\"model\": \"mainproject.sinavsonucu\", \"pk\": 264, \"fields\": {\"ogrenci\": 16, \"ders\": 3, \"sinav_tipi\": \"GENEL\", \"puan\": 80, \"tarih\": \"2025-09-05\", \"aciklama\": \"Ana sınav\"}}, {\"model\": \"mainproject.sinavsonucu\", \"pk\": 265, \"fields\": {\"ogrenci\": 16, \"ders\": 4, \"sinav_tipi\": \"GENEL\", \"puan\": 34, \"tarih\": \"2025-09-05\", \"aciklama\": \"Ana sınav\"}}, {\"model\": \"mainproject.sinavsonucu\", \"pk\": 266, \"fields\": {\"ogrenci\": 16, \"ders\": 5, \"sinav_tipi\": \"GENEL\", \"puan\": 54, \"tarih\": \"2025-09-05\", \"aciklama\": \"Ana sınav\"}}, {\"model\": \"mainproject.sinavsonucu\", \"pk\": 290, \"fields\": {\"ogrenci\": 17, \"ders\": 1, \"sinav_tipi\": \"GENEL\", \"puan\": 88, \"tarih\": \"2025-09-06\", \"aciklama\": \"1. sınav\"}}, {\"model\": \"mainproject.sinavsonucu\", \"pk\": 291, \"fields\": {\"ogrenci\": 17, \"ders\": 1, \"sinav_tipi\": \"GENEL\", \"puan\": 100, \"tarih\": \"2025-09-06\", \"aciklama\": \"2. sınav\"}}, {\"model\": \"mainproject.sinavsonucu\", \"pk\": 292, \"fields\": {\"ogrenci\": 17, \"ders\": 2, \"sinav_tipi\": \"GENEL\", \"puan\": 77, \"tarih\": \"2025-09-06\", \"aciklama\": \"1. sınav\"}}, {\"model\": \"mainproject.sinavsonucu\", \"pk\": 293, \"fields\": {\"ogrenci\": 17, \"ders\": 3, \"sinav_tipi\": \"GENEL\", \"puan\": 87, \"tarih\": \"2025-09-06\", \"aciklama\": \"1. sınav\"}}, {\"model\": \"mainproject.sinavsonucu\", \"pk\": 294, \"fields\": {\"ogrenci\": 17, \"ders\": 4, \"sinav_tipi\": \"GENEL\", \"puan\": 67, \"tarih\": \"2025-09-06\", \"aciklama\": \"1. sınav\"}}, {\"model\": \"mainproject.sinavsonucu\", \"pk\": 295, \"fields\": {\"ogrenci\": 17, \"ders\": 5, \"sinav_tipi\": \"GENEL\", \"puan\": 87, \"tarih\": \"2025-09-06\", \"aciklama\": \"1. sınav\"}}, {\"model\": \"mainproject.sinavsonucu\", \"pk\": 296, \"fields\": {\"ogrenci\": 13, \"ders\": 1, \"sinav_tipi\": \"GENEL\", \"puan\": 50, \"tarih\": \"2025-09-07\", \"aciklama\": \"1. sınav\"}}, {\"model\": \"mainproject.sinavsonucu\", \"pk\": 297, \"fields\": {\"ogrenci\": 13, \"ders\": 2, \"sinav_tipi\": \"GENEL\", \"puan\": 90, \"tarih\": \"2025-09-07\", \"aciklama\": \"1. sınav\"}}, {\"model\": \"mainproject.sinavsonucu\", \"pk\": 298, \"fields\": {\"ogrenci\": 13, \"ders\": 3, \"sinav_tipi\": \"GENEL\", \"puan\": 90, \"tarih\": \"2025-09-07\", \"aciklama\": \"1. sınav\"}}, {\"model\": \"mainproject.sinavsonucu\", \"pk\": 299, \"fields\": {\"ogrenci\": 13, \"ders\": 4, \"sinav_tipi\": \"GENEL\", \"puan\": 86, \"tarih\": \"2025-09-07\", \"aciklama\": \"1. sınav\"}}, {\"model\": \"mainproject.sinavsonucu\", \"pk\": 300, \"fields\": {\"ogrenci\": 13, \"ders\": 5, \"sinav_tipi\": \"GENEL\", \"puan\": 100, \"tarih\": \"2025-09-07\", \"aciklama\": \"1. sınav\"}}]",
  "ders_notlari": "[{\"model\": \"mainproject.dersnotu\", \"pk\": 1, \"fields\": {\"ogrenci\": 8, \"ders\": 1, \"not_degeri\": 80, \"yorum\": \"Sistem tarafından eklendi\", \"tarih\": \"2025-08-29\", \"olusturulma_tarihi\": \"2025-08-29T17:13:19.365Z\", \"guncelleme_tarihi\": \"2025-08-29T18:50:01.490Z\"}}, {\"model\": \"mainproject.dersnotu\", \"pk\": 2, \"fields\": {\"ogrenci\": 8, \"ders\": 2, \"not_degeri\": 50, \"yorum\": \"Sistem tarafından eklendi\", \"tarih\": \"2025-08-29\", \"olusturulma_tarihi\": \"2025-08-29T17:13:19.374Z\", \"guncelleme_tarihi\": \"2025-08-29T18:50:01.504Z\"}}, {\"model\": \"mainproject.dersnotu\", \"pk\": 3, \"fields\": {\"ogrenci\": 8, \"ders\": 3, \"not_degeri\": 50, \"yorum\": \"Sistem tarafından eklendi\", \"tarih\": \"2025-08-29\", \"olusturulma_tarihi\": \"2025-08-29T17:13:19.381Z\", \"guncelleme_tarihi\": \"2025-08-29T18:50:01.515Z\"}}, {\"model\": \"mainproject.dersnotu\", \"pk\": 4, \"fields\": {\"ogrenci\": 8, \"ders\": 4, \"not_degeri\": 50, \"yorum\": \"Sistem tarafından eklendi\", \"tarih\": \"2025-08-29\", \"olusturulma_tarihi\": \"2025-08-29T17:13:19.390Z\", \"guncelleme_tarihi\": \"2025-08-29T18:50:01.526Z\"}}, {\"model\": \"mainproject.dersnotu\", \"pk\": 5, \"fields\": {\"ogrenci\": 8, \"ders\": 5, \"not_degeri\": 50, \"yorum\": \"Sistem tarafından eklendi\", \"tarih\": \"2025-08-29\", \"olusturulma_tarihi\": \"2025-08-29T17:13:19.396Z\", \"guncelleme_tarihi\": \"2025-08-29T18:50:01.539Z\"}}, {\"model\": \"mainproject.dersnotu\", \"pk\": 11, \"fields\": {\"ogrenci\": 9, \"ders\": 1, \"not_degeri\": 55, \"yorum\": \"Sistem tarafından eklendi\", \"tarih\": \"2025-08-29\", \"olusturulma_tarihi\": \"2025-08-29T17:37:38.189Z\", \"guncelleme_tarihi\": \"2025-08-29T18:14:57.485Z\"}}, {\"model\": \"mainproject.dersnotu\", \"pk\": 12, \"fields\": {\"ogrenci\": 9, \"ders\": 2, \"not_degeri\": 0, \"yorum\": \"Sistem tarafından eklendi\", \"tarih\": \"2025-08-29\", \"olusturulma_tarihi\": \"2025-08-29T17:37:38.198Z\", \"guncelleme_tarihi\": \"2025-08-29T18:14:57.499Z\"}}, {\"model\": \"mainproject.dersnotu\", \"pk\": 13, \"fields\": {\"ogrenci\": 9, \"ders\": 3, \"not_degeri\": 0, \"yorum\": \"Sistem tarafından eklendi\", \"tarih\": \"2025-08-29\", \"olusturulma_tarihi\": \"2025-08-29T17:37:38.206Z\", \"guncelleme_tarihi\": \"2025-08-29T18:14:57.510Z\"}}, {\"model\": \"mainproject.dersnotu\", \"pk\": 14, \"fields\": {\"ogrenci\": 9, \"ders\": 4, \"not_degeri\": 0, \"yorum\": \"Sistem tarafından eklendi\", \"tarih\": \"2025-08-29\", \"olusturulma_tarihi\": \"2025-08-29T17:37:38.215Z\", \"guncelleme_tarihi\": \"2025-08-29T18:14:57.525Z\"}}, {\"model\": \"mainproject.dersnotu\", \"pk\": 15, \"fields\": {\"ogrenci\": 9, \"ders\": 5, \"not_degeri\": 0, \"yorum\": \"Sistem tarafından eklendi\", \"tarih\": \"2025-08-29\", \"olusturulma_tarihi\": \"2025-08-29T17:37:38.224Z\", \"guncelleme_tarihi\": \"2025-08-29T18:14:57.537Z\"}}, {\"model\": \"mainproject.dersnotu\", \"pk\": 16, \"fields\": {\"ogrenci\": 10, \"ders\": 1, \"not_degeri\": 0, \"yorum\": \"Sistem tarafından eklendi\", \"tarih\": \"2025-08-29\", \"olusturulma_tarihi\": \"2025-08-29T20:18:43.406Z\", \"guncelleme_tarihi\": \"2025-08-29T20:18:43.406Z\"}}, {\"model\": \"mainproject.dersnotu\", \"pk\": 17, \"fields\": {\"ogrenci\": 10, \"ders\": 2, \"not_degeri\": 0, \"yorum\": \"Sistem tarafından eklendi\", \"tarih\": \"2025-08-29\", \"olusturulma_tarihi\": \"2025-08-29T20:18:43.420Z\", \"guncelleme_tarihi\": \"2025-08-29T20:18:43.420Z\"}}, {\"model\": \"mainproject.dersnotu\", \"pk\": 18, \"fields\": {\"ogrenci\": 10, \"ders\": 3, \"not_degeri\": 0, \"yorum\": \"Sistem tarafından eklendi\", \"tarih\": \"2025-08-29\", \"olusturulma_tarihi\": \"2025-08-29T20:18:43.433Z\", \"guncelleme_tarihi\": \"2025-08-29T20:18:43.433Z\"}}, {\"model\": \"mainproject.dersnotu\", \"pk\": 19, \"fields\": {\"ogrenci\": 10, \"ders\": 4, \"not_degeri\": 0, \"yorum\": \"Sistem tarafından eklendi\", \"tarih\": \"2025-08-29\", \"olusturulma_tarihi\": \"2025-08-29T20:18:43.445Z\", \"guncelleme_tarihi\": \"2025-08-29T20:18:43.445Z\"}}, {\"model\": \"mainproject.dersnotu\", \"pk\": 20, \"fields\": {\"ogrenci\": 10, \"ders\": 5, \"not_degeri\": 0, \"yorum\": \"Sistem tarafından eklendi\", \"tarih\": \"2025-08-29\", \"olusturulma_tarihi\": \"2025-08-29T20:18:43.458Z\", \"guncelleme_tarihi\": \"2025-08-29T20:18:43.458Z\"}}]",
  "photo_info": [
    {
      "type": "yazi",
      "id": 3,
      "filename": "IMG_8879.PNG",
      "field": "imageUrl"
    }
  ],
  "backup_date": "2025-09-07T14:02:26.318754+00:00",
  "backup_version": "1.2"
}