{
  "ogrenciler": "[{\"model\": \"mainproject.ogrenci\", \"pk\": 112, \"fields\": {\"ad_soyad\": \"Hicret Kurt\", \"kayit_tarihi\": \"2025-09-09\", \"seviye\": \"HAZ1\", \"profil_foto\": \"\", \"ozel_notlar\": \"\", \"son_guncelleme\": \"2025-09-24T01:34:06.725Z\"}}, {\"model\": \"mainproject.ogrenci\", \"pk\": 113, \"fields\": {\"ad_soyad\": \"Ebrar Kızıl \", \"kayit_tarihi\": \"2025-09-09\", \"seviye\": \"HAZ1\", \"profil_foto\": \"\", \"ozel_notlar\": \"\", \"son_guncelleme\": \"2025-09-24T01:34:06.741Z\"}}, {\"model\": \"mainproject.ogrenci\", \"pk\": 114, \"fields\": {\"ad_soyad\": \"Yağmur Demirel\", \"kayit_tarihi\": \"2025-09-09\", \"seviye\": \"HAZ1\", \"profil_foto\": \"\", \"ozel_notlar\": \"\", \"son_guncelleme\": \"2025-09-24T01:34:06.750Z\"}}, {\"model\": \"mainproject.ogrenci\", \"pk\": 115, \"fields\": {\"ad_soyad\": \"Zehra Tavşan\", \"kayit_tarihi\": \"2025-09-09\", \"seviye\": \"HAZ1\", \"profil_foto\": \"\", \"ozel_notlar\": \"\", \"son_guncelleme\": \"2025-09-24T01:34:06.760Z\"}}, {\"model\": \"mainproject.ogrenci\", \"pk\": 116, \"fields\": {\"ad_soyad\": \"Sümeyye Tavşan\", \"kayit_tarihi\": \"2025-09-09\", \"seviye\": \"HAZ1\", \"profil_foto\": \"\", \"ozel_notlar\": \"\", \"son_guncelleme\": \"2025-09-24T01:34:06.770Z\"}}, {\"model\": \"mainproject.ogrenci\", \"pk\": 117, \"fields\": {\"ad_soyad\": \"Elanur Kaya\", \"kayit_tarihi\": \"2025-09-09\", \"seviye\": \"HAZ1\", \"profil_foto\": \"\", \"ozel_notlar\": \"\", \"son_guncelleme\": \"2025-09-24T01:34:06.780Z\"}}, {\"model\": \"mainproject.ogrenci\", \"pk\": 118, \"fields\": {\"ad_soyad\": \"Berfin İlci\", \"kayit_tarihi\": \"2025-09-09\", \"seviye\": \"HAZ1\", \"profil_foto\": \"\", \"ozel_notlar\": \"\", \"son_guncelleme\": \"2025-09-24T01:34:06.789Z\"}}, {\"model\": \"mainproject.ogrenci\", \"pk\": 119, \"fields\": {\"ad_soyad\": \"Sümeyye Erkan\", \"kayit_tarihi\": \"2025-09-09\", \"seviye\": \"HAZ1\", \"profil_foto\": \"\", \"ozel_notlar\": \"\", \"son_guncelleme\": \"2025-09-24T01:34:06.796Z\"}}, {\"model\": \"mainproject.ogrenci\", \"pk\": 120, \"fields\": {\"ad_soyad\": \"Nesrin Güçin\", \"kayit_tarihi\": \"2025-09-09\", \"seviye\": \"HAZ1\", \"profil_foto\": \"\", \"ozel_notlar\": \"\", \"son_guncelleme\": \"2025-09-24T01:34:06.806Z\"}}, {\"model\": \"mainproject.ogrenci\", \"pk\": 121, \"fields\": {\"ad_soyad\": \"Hayrunnisa Çarboğa\", \"kayit_tarihi\": \"2025-09-09\", \"seviye\": \"HAZ1\", \"profil_foto\": \"\", \"ozel_notlar\": \"\", \"son_guncelleme\": \"2025-09-24T01:34:06.813Z\"}}, {\"model\": \"mainproject.ogrenci\", \"pk\": 122, \"fields\": {\"ad_soyad\": \"Kader Keşan\", \"kayit_tarihi\": \"2025-09-09\", \"seviye\": \"HAZ1\", \"profil_foto\": \"\", \"ozel_notlar\": \"\", \"son_guncelleme\": \"2025-09-24T01:34:06.821Z\"}}, {\"model\": \"mainproject.ogrenci\", \"pk\": 123, \"fields\": {\"ad_soyad\": \"Kardelen Toprak\", \"kayit_tarihi\": \"2025-09-09\", \"seviye\": \"HAZ1\", \"profil_foto\": \"\", \"ozel_notlar\": \"\", \"son_guncelleme\": \"2025-09-24T01:34:06.830Z\"}}, {\"model\": \"mainproject.ogrenci\", \"pk\": 124, \"fields\": {\"ad_soyad\": \"Ebru Şay\", \"kayit_tarihi\": \"2025-09-09\", \"seviye\": \"HAZ1\", \"profil_foto\": \"\", \"ozel_notlar\": \"\", \"son_guncelleme\": \"2025-09-24T01:34:06.837Z\"}}, {\"model\": \"mainproject.ogrenci\", \"pk\": 125, \"fields\": {\"ad_soyad\": \"Esma Çiftçi\", \"kayit_tarihi\": \"2025-09-09\", \"seviye\": \"HAZ1\", \"profil_foto\": \"\", \"ozel_notlar\": \"\", \"son_guncelleme\": \"2025-09-24T01:34:06.844Z\"}}, {\"model\": \"mainproject.ogrenci\", \"pk\": 126, \"fields\": {\"ad_soyad\": \"Havva Tilki\", \"kayit_tarihi\": \"2025-09-09\", \"seviye\": \"HAZ1\", \"profil_foto\": \"\", \"ozel_notlar\": \"\", \"son_guncelleme\": \"2025-09-24T01:34:06.851Z\"}}, {\"model\": \"mainproject.ogrenci\", \"pk\": 127, \"fields\": {\"ad_soyad\": \"Şeyma Yay\", \"kayit_tarihi\": \"2025-09-09\", \"seviye\": \"HAZ1\", \"profil_foto\": \"\", \"ozel_notlar\": \"\", \"son_guncelleme\": \"2025-09-24T01:34:06.861Z\"}}, {\"model\": \"mainproject.ogrenci\", \"pk\": 128, \"fields\": {\"ad_soyad\": \"Ayşegül Marangoz\", \"kayit_tarihi\": \"2025-09-22\", \"seviye\": \"HAZ1\", \"profil_foto\": \"\", \"ozel_notlar\": \"\", \"son_guncelleme\": \"2025-09-24T01:34:06.868Z\"}}, {\"model\": \"mainproject.ogrenci\", \"pk\": 129, \"fields\": {\"ad_soyad\": \"Havvanur Marangoz\", \"kayit_tarihi\": \"2025-09-22\", \"seviye\": \"HAZ1\", \"profil_foto\": \"\", \"ozel_notlar\": \"\", \"son_guncelleme\": \"2025-09-24T01:34:06.876Z\"}}]",
  "yazilar": "[{\"model\": \"blog.yazi\", \"pk\": 43, \"fields\": {\"title\": \"Dünyadan el çekmiş bulunuyorum \", \"description\": \"<h2 style=\\\"font-style:italic\\\">El &ccedil;ekmiş bulunuyorum ben bu d&uuml;nyadan,</h2>\\r\\n\\r\\n<h2 style=\\\"font-style:italic\\\">Eskiden &ccedil;ok&ccedil;a oyalanıp durduğum anlardan,</h2>\\r\\n\\r\\n<h2 style=\\\"font-style:italic\\\">Uzun zamandır bir haber alınamadı zatımdan,</h2>\\r\\n\\r\\n<h2 style=\\\"font-style:italic\\\">&Ouml;ld&uuml;ğ&uuml;m&uuml; sanıyor bile olabilir &ccedil;oktan!</h2>\\r\\n\\r\\n<h2 style=\\\"font-style:italic\\\">A&ccedil;ık&ccedil;ası pek de bir &ouml;nemi yok benim i&ccedil;in,</h2>\\r\\n\\r\\n<h2 style=\\\"font-style:italic\\\">Bir sakınca g&ouml;rm&uuml;yorum beni &ouml;lm&uuml;ş bilmesinde,</h2>\\r\\n\\r\\n<h2 style=\\\"font-style:italic\\\">S&ouml;yleyecek bir şeyim de yok bunun i&ccedil;in,</h2>\\r\\n\\r\\n<h2 style=\\\"font-style:italic\\\">&Ccedil;&uuml;nk&uuml; ger&ccedil;ekten &ouml;ld&uuml;m ben bu k&uuml;rede.</h2>\\r\\n\\r\\n<h2 style=\\\"font-style:italic\\\">&Ouml;ld&uuml;m ben d&uuml;nyanın patırtısına,</h2>\\r\\n\\r\\n<h2 style=\\\"font-style:italic\\\">Ve dinleniyorum sessiz bir b&ouml;lgede!</h2>\\r\\n\\r\\n<h2 style=\\\"font-style:italic\\\">Kendi cennetimdeyim tek başına,</h2>\\r\\n\\r\\n<h2 style=\\\"font-style:italic\\\">Sevdalarımın ve kendi şarkımın i&ccedil;inde!</h2>\\r\\n\", \"imageUrl\": \"\", \"date\": \"2025-09-23\", \"isActive\": true, \"slug\": \"dunyadan-el-cekmis-bulunuyorum\", \"tarih\": \"2025-09-23T00:11:30.265Z\", \"category\": 1}}, {\"model\": \"blog.yazi\", \"pk\": 44, \"fields\": {\"title\": \"Üstad Necip Fazıl'ın kıymetli eserlerinden \\\"Çile\\\"🍃\", \"description\": \"<p>&quot;𝐇𝐚𝐤𝐢𝐤𝐚𝐭&quot;</p>\\r\\n\\r\\n<p>Allah&#39;a hakikatten yola &ccedil;ıkmak, meşakkat; Allah&#39;tan yola &ccedil;ıkıp varılan şey, hakikat...</p>\\r\\n\\r\\n<p>&quot;𝐕𝐚𝐫-𝐲𝐨𝐤&quot;</p>\\r\\n\\r\\n<p>Var&#39;ın altında yokluk, yok&#39;un altında varlık; başını kaldır da bak, boşluk bile mezarlık...</p>\\r\\n\\r\\n<p>&quot;𝐢𝐧𝐬𝐚𝐧&quot;</p>\\r\\n\\r\\n<p>Bir b&ouml;l&uuml;nmez ki, insan, onu zaman b&ouml;l&uuml;yor, insan her &acirc;n dirilip, her saniye &ouml;l&uuml;yor...</p>\\r\\n\", \"imageUrl\": \"\", \"date\": \"2025-09-23\", \"isActive\": true, \"slug\": \"ustad-necip-fazln-kymetli-eserlerinden-cile\", \"tarih\": \"2025-09-23T00:11:30.281Z\", \"category\": 1}}, {\"model\": \"blog.yazi\", \"pk\": 45, \"fields\": {\"title\": \"Gökyüzü ☁️\", \"description\": \"<blockquote>\\r\\n<p>&quot;Maviliklerde kaybolmak, ruhun en g&uuml;zel yolculuğudur.&quot;</p>\\r\\n</blockquote>\\r\\n\", \"imageUrl\": \"\", \"date\": \"2025-09-23\", \"isActive\": true, \"slug\": \"gokyuzu\", \"tarih\": \"2025-09-23T00:11:30.291Z\", \"category\": 1}}, {\"model\": \"blog.yazi\", \"pk\": 46, \"fields\": {\"title\": \"\\\"Dünya bir denizdir.\\\"\", \"description\": \"<h2 style=\\\"font-style:italic\\\"><em><cite>&quot;D&uuml;nya bir denizdir, gemisi takvadır, yolcusu insandır.&quot;🌊 -Hz Ali (r.a)</cite></em></h2>\\r\\n\\r\\n<p>&nbsp;</p>\\r\\n\\r\\n<p><em>● D&uuml;nya ger&ccedil;ekten u&ccedil;suz bucaksız bir deniz gibi. Bazen fırtınalı, bazen durgun. Ama insan, baktığı her yerde Rabbinin izini, &ouml;z&uuml;n&uuml; g&ouml;rd&uuml;ğ&uuml;nde, o fırtınalar yerini sadece tatlı bir esintiye bırakıyor. İ&ccedil; huzuru artıyor; en basit bir manzarada bile sonsuz bir saadetin kapısı aralanıyor.</em></p>\\r\\n\", \"imageUrl\": \"\", \"date\": \"2025-09-23\", \"isActive\": true, \"slug\": \"dunya-bir-denizdir\", \"tarih\": \"2025-09-23T00:11:30.303Z\", \"category\": 1}}, {\"model\": \"blog.yazi\", \"pk\": 47, \"fields\": {\"title\": \"Kasas/24\", \"description\": \"<p><strong>رَبِّ اِنّٖي لِمَٓا اَنْزَلْتَ اِلَيَّ مِنْ خَيْرٍ فَقٖيرٌ</strong></p>\\r\\n\\r\\n<p>&nbsp;</p>\\r\\n\\r\\n<p><em>&ldquo;Ey rabbim! Bana lutfedeceğin her t&uuml;rl&uuml; hayra muhtacım!&rdquo;</em></p>\\r\\n\", \"imageUrl\": \"\", \"date\": \"2025-09-23\", \"isActive\": true, \"slug\": \"kasas24\", \"tarih\": \"2025-09-23T00:11:30.315Z\", \"category\": 1}}, {\"model\": \"blog.yazi\", \"pk\": 48, \"fields\": {\"title\": \"Umutlu günler\", \"description\": \"<p><span style=\\\"font-family:Comic Sans MS,cursive\\\">Buraya umutlu g&uuml;nler koydum. Şimdilik uzak gibi ama kimbilir, birazdan uzanıp dokunuruz belkide...</span></p>\\r\\n\", \"imageUrl\": \"\", \"date\": \"2025-09-23\", \"isActive\": true, \"slug\": \"umutlu-gunler\", \"tarih\": \"2025-09-23T00:11:30.328Z\", \"category\": 1}}, {\"model\": \"blog.yazi\", \"pk\": 49, \"fields\": {\"title\": \"Herşeyi içine çeken bir sünger olma, ayıklayan bir filtre ol.\", \"description\": \"<p><strong>&ldquo;Bir fotoğraf&ccedil;ı sahneyi değiştiremiyorsa,</strong></p>\\r\\n\\r\\n<p><strong>en iyi kareyi yakalayabilmek i&ccedil;in a&ccedil;ısını ve lensini değiştirir.</strong></p>\\r\\n\\r\\n<p>&nbsp;</p>\\r\\n\\r\\n<p><strong>Aynı şekilde, hayatta bir durumu değiştiremiyorsan,</strong></p>\\r\\n\\r\\n<p><strong>o duruma bakış a&ccedil;ını değiştir.</strong></p>\\r\\n\\r\\n<p>&nbsp;</p>\\r\\n\\r\\n<p><strong>Her şeyi i&ccedil;ine &ccedil;eken bir s&uuml;nger olma &mdash; ayıklayan bir filtre ol.&ldquo;</strong></p>\\r\\n\", \"imageUrl\": \"\", \"date\": \"2025-09-23\", \"isActive\": true, \"slug\": \"herseyi-icine-ceken-bir-sunger-olma-ayklayan-bir-filtre-ol\", \"tarih\": \"2025-09-23T00:11:30.342Z\", \"category\": 1}}, {\"model\": \"blog.yazi\", \"pk\": 50, \"fields\": {\"title\": \"KÜÇÜK ADIMLAR,BÜYÜK DEĞİŞİMLER GETİRİR.\", \"description\": \"<p><samp>Bir g&uuml;nde her şeyi değiştiremezsin...</samp></p>\\r\\n\\r\\n<p><span style=\\\"font-family:monospace\\\">Ama bir g&uuml;n başlarsan, her şey değişebilir.</span></p>\\r\\n\\r\\n<p><span style=\\\"font-family:monospace\\\">Bug&uuml;n kendin i&ccedil;in k&uuml;&ccedil;&uuml;k bir adım at.</span></p>\\r\\n\\r\\n<p><span style=\\\"font-family:monospace\\\">Belki bir kitap sayfası...</span></p>\\r\\n\\r\\n<p><span style=\\\"font-family:monospace\\\">Belki bir bardak su...</span></p>\\r\\n\\r\\n<p><span style=\\\"font-family:monospace\\\">Belki sadece nefes almak...</span></p>\\r\\n\\r\\n<p><strong>K&uuml;&ccedil;&uuml;k başla, b&uuml;y&uuml;k devam et.</strong></p>\\r\\n\\r\\n<p>&nbsp;</p>\\r\\n\\r\\n<p>&nbsp;</p>\\r\\n\", \"imageUrl\": \"\", \"date\": \"2025-09-23\", \"isActive\": true, \"slug\": \"kucuk-adimlarbuyuk-degisimler-getirir\", \"tarih\": \"2025-09-23T00:11:30.355Z\", \"category\": 1}}]",
  "ezber_kayitlari": "[]",
  "sinav_sonuclari": "[]",
  "ders_notlari": "[]",
  "alintilar": "[{\"model\": \"mainproject.alinti\", \"pk\": 1, \"fields\": {\"quote_text\": \"\\\"İçimde söylemek istediğim çok şey var sanki. Çok büyük şeyler. Bunları ifade etmenin yolunu bulamıyorum, bazen bana öyle geliyor ki bütün dünya, bütün hayat, her şey içimde duruyor ve sözcüsü olmam için feryat ediyor. Hissediyorum... ama anlatamıyorum\\\"...\\r\\n\\r\\n\", \"author\": \"Jack London \", \"source\": \"Martın eden\", \"category\": \"edebi\", \"isActive\": true, \"created_at\": \"2025-09-15T20:42:30.546Z\"}}, {\"model\": \"mainproject.alinti\", \"pk\": 2, \"fields\": {\"quote_text\": \"\\\"Haritasız ve dümensiz kalmış, gideceği limanı olmayan bir gemiydi. Kendini akıntıya bırakıp sürüklenmek, en azından hareket etmek, hayatta kalmak demekti ki içini acıtan şey de zaten buydu; yaşamak\\\"...\", \"author\": \"Jack London \", \"source\": \"Martın eden\", \"category\": \"edebi\", \"isActive\": true, \"created_at\": \"2025-09-15T20:44:26.254Z\"}}, {\"model\": \"mainproject.alinti\", \"pk\": 3, \"fields\": {\"quote_text\": \"📌\\\"Ben hasta bir adamım. Hayır, bedenim değil, ruhum hasta, beynim hasta. Bütün değerlerimi kaybettim sanki. Hiçbir şeyi umursamıyorum.\\\"\\r\\n\\r\\n📌\\\"Kitaplarla, resimlerle, güzel şeylerle dolu olan, insanların alçak sesle konuştukları, kendilerinin ve düşüncelerinin temiz olduğu bir havayı solumak istiyorum.\\\"\\r\\n\\r\\n📌\\\"En hızlı giden, yalnız gidenidir\\\"...\\r\\n\\r\\n📌\\\"Ait olduğu yeri bulamamıştı\\\"...\\r\\n\\r\\n📌 \\\"Kendi küçük hayatlarını dar kafalı küçük formüllere göre yaşayanları, bir araya toplaşmış sürüler dışında var olmayan varlıkları,yaşamlarını başkalarının  düşüncelerine göre kalıplara sokanları, kölesi oldukları çocuksu kurallar nedeniyle gerçekten yaşamayı ve birey olmayı beceremeyenleri düşününce bir iki kez acı kahkahalara boğuldu\\\"...\", \"author\": \"Jack London \", \"source\": \"Martın eden\", \"category\": \"edebi\", \"isActive\": true, \"created_at\": \"2025-09-15T21:16:25.483Z\"}}, {\"model\": \"mainproject.alinti\", \"pk\": 4, \"fields\": {\"quote_text\": \"\\\"Seni kitap okuyan insanlarla tanıştıracağım. Hayat ancak böyle insanlarla bir araya geliyorsan yaşanmaya değer olur.\\\"\", \"author\": \"Jack London \", \"source\": \"Martın eden\", \"category\": \"edebi\", \"isActive\": true, \"created_at\": \"2025-09-15T21:28:42.482Z\"}}]",
  "dersler": "[{\"model\": \"mainproject.ders\", \"pk\": 1, \"fields\": {\"ad\": \"Akaid (İtikad)\", \"tur\": \"AKAID\", \"aciklama\": \"\"}}, {\"model\": \"mainproject.ders\", \"pk\": 2, \"fields\": {\"ad\": \"Fıkıh (İbadet)\", \"tur\": \"FIKIH\", \"aciklama\": \"\"}}, {\"model\": \"mainproject.ders\", \"pk\": 3, \"fields\": {\"ad\": \"Siyer\", \"tur\": \"SIYER\", \"aciklama\": \"\"}}, {\"model\": \"mainproject.ders\", \"pk\": 4, \"fields\": {\"ad\": \"Tecvid\", \"tur\": \"TECV\", \"aciklama\": \"\"}}]",
  "ezber_sureleri": "[{\"model\": \"mainproject.ezbersuresi\", \"pk\": 13, \"fields\": {\"ad\": \"30. Cüz Tamamı\", \"sira\": 1, \"tahmini_sure\": 14, \"aciklama\": \"\"}}, {\"model\": \"mainproject.ezbersuresi\", \"pk\": 1, \"fields\": {\"ad\": \"Mülk Suresi\", \"sira\": 2, \"tahmini_sure\": 7, \"aciklama\": \"\"}}, {\"model\": \"mainproject.ezbersuresi\", \"pk\": 2, \"fields\": {\"ad\": \"Cin Suresi\", \"sira\": 3, \"tahmini_sure\": 7, \"aciklama\": \"\"}}, {\"model\": \"mainproject.ezbersuresi\", \"pk\": 3, \"fields\": {\"ad\": \"Kıyame Suresi\", \"sira\": 4, \"tahmini_sure\": 7, \"aciklama\": \"\"}}, {\"model\": \"mainproject.ezbersuresi\", \"pk\": 4, \"fields\": {\"ad\": \"Cuma Suresi\", \"sira\": 5, \"tahmini_sure\": 7, \"aciklama\": \"\"}}, {\"model\": \"mainproject.ezbersuresi\", \"pk\": 5, \"fields\": {\"ad\": \"Saff Suresi\", \"sira\": 6, \"tahmini_sure\": 7, \"aciklama\": \"\"}}, {\"model\": \"mainproject.ezbersuresi\", \"pk\": 6, \"fields\": {\"ad\": \"Rahman Suresi\", \"sira\": 7, \"tahmini_sure\": 7, \"aciklama\": \"\"}}, {\"model\": \"mainproject.ezbersuresi\", \"pk\": 7, \"fields\": {\"ad\": \"Vakia Suresi\", \"sira\": 8, \"tahmini_sure\": 7, \"aciklama\": \"\"}}, {\"model\": \"mainproject.ezbersuresi\", \"pk\": 8, \"fields\": {\"ad\": \"Fetih Suresi\", \"sira\": 9, \"tahmini_sure\": 7, \"aciklama\": \"\"}}, {\"model\": \"mainproject.ezbersuresi\", \"pk\": 9, \"fields\": {\"ad\": \"Hucurat Suresi\", \"sira\": 10, \"tahmini_sure\": 7, \"aciklama\": \"\"}}, {\"model\": \"mainproject.ezbersuresi\", \"pk\": 10, \"fields\": {\"ad\": \"Yasin Suresi\", \"sira\": 11, \"tahmini_sure\": 7, \"aciklama\": \"\"}}, {\"model\": \"mainproject.ezbersuresi\", \"pk\": 11, \"fields\": {\"ad\": \"Enfal Suresi\", \"sira\": 12, \"tahmini_sure\": 7, \"aciklama\": \"\"}}, {\"model\": \"mainproject.ezbersuresi\", \"pk\": 12, \"fields\": {\"ad\": \"İsra Suresi\", \"sira\": 13, \"tahmini_sure\": 7, \"aciklama\": \"\"}}]",
  "elifba_ezberleri": "[{\"model\": \"mainproject.elifbaezberi\", \"pk\": 1, \"fields\": {\"ad\": \"Fatiha Suresi\", \"sira\": 1, \"tahmini_sure\": 3, \"aciklama\": \"\"}}, {\"model\": \"mainproject.elifbaezberi\", \"pk\": 2, \"fields\": {\"ad\": \"Bakara 1-5\", \"sira\": 2, \"tahmini_sure\": 5, \"aciklama\": \"\"}}, {\"model\": \"mainproject.elifbaezberi\", \"pk\": 3, \"fields\": {\"ad\": \"Rabbena Duaları\", \"sira\": 3, \"tahmini_sure\": 2, \"aciklama\": \"\"}}, {\"model\": \"mainproject.elifbaezberi\", \"pk\": 4, \"fields\": {\"ad\": \"Ezan Duası\", \"sira\": 4, \"tahmini_sure\": 2, \"aciklama\": \"\"}}, {\"model\": \"mainproject.elifbaezberi\", \"pk\": 5, \"fields\": {\"ad\": \"Kamet\", \"sira\": 5, \"tahmini_sure\": 2, \"aciklama\": \"\"}}, {\"model\": \"mainproject.elifbaezberi\", \"pk\": 6, \"fields\": {\"ad\": \"Tesbihat\", \"sira\": 6, \"tahmini_sure\": 3, \"aciklama\": \"\"}}, {\"model\": \"mainproject.elifbaezberi\", \"pk\": 7, \"fields\": {\"ad\": \"Amentü Duası\", \"sira\": 7, \"tahmini_sure\": 2, \"aciklama\": \"\"}}, {\"model\": \"mainproject.elifbaezberi\", \"pk\": 8, \"fields\": {\"ad\": \"İftitah Duası\", \"sira\": 8, \"tahmini_sure\": 2, \"aciklama\": \"\"}}, {\"model\": \"mainproject.elifbaezberi\", \"pk\": 9, \"fields\": {\"ad\": \"Tahiyyat Duası\", \"sira\": 9, \"tahmini_sure\": 2, \"aciklama\": \"\"}}, {\"model\": \"mainproject.elifbaezberi\", \"pk\": 10, \"fields\": {\"ad\": \"Salli-barik Duaları\", \"sira\": 10, \"tahmini_sure\": 3, \"aciklama\": \"\"}}, {\"model\": \"mainproject.elifbaezberi\", \"pk\": 11, \"fields\": {\"ad\": \"Kunut Duası\", \"sira\": 11, \"tahmini_sure\": 3, \"aciklama\": \"\"}}, {\"model\": \"mainproject.elifbaezberi\", \"pk\": 12, \"fields\": {\"ad\": \"Yemek Duası\", \"sira\": 12, \"tahmini_sure\": 1, \"aciklama\": \"\"}}, {\"model\": \"mainproject.elifbaezberi\", \"pk\": 13, \"fields\": {\"ad\": \"Başlangıç Duası\", \"sira\": 13, \"tahmini_sure\": 1, \"aciklama\": \"\"}}, {\"model\": \"mainproject.elifbaezberi\", \"pk\": 14, \"fields\": {\"ad\": \"İstiğfar Duası\", \"sira\": 14, \"tahmini_sure\": 1, \"aciklama\": \"\"}}, {\"model\": \"mainproject.elifbaezberi\", \"pk\": 15, \"fields\": {\"ad\": \"Ayetel Kürsi\", \"sira\": 15, \"tahmini_sure\": 2, \"aciklama\": \"\"}}, {\"model\": \"mainproject.elifbaezberi\", \"pk\": 16, \"fields\": {\"ad\": \"Amenerrasülü\", \"sira\": 16, \"tahmini_sure\": 3, \"aciklama\": \"\"}}, {\"model\": \"mainproject.elifbaezberi\", \"pk\": 17, \"fields\": {\"ad\": \"La yestevi\", \"sira\": 17, \"tahmini_sure\": 2, \"aciklama\": \"\"}}]",
  "elifba_ezber_durumlari": "[]",
  "photo_info": [],
  "backup_date": "2025-09-24T01:35:40.458843+00:00",
  "backup_version": "1.4"
}