{
  "ogrenciler": "[{\"model\": \"mainproject.ogrenci\", \"pk\": 112, \"fields\": {\"ad_soyad\": \"Hicret Kurt\", \"kayit_tarihi\": \"2025-09-09\", \"seviye\": \"HAZ1\", \"profil_foto\": \"\", \"ozel_notlar\": \"\", \"son_guncelleme\": \"2025-11-02T22:11:56.207Z\"}}, {\"model\": \"mainproject.ogrenci\", \"pk\": 113, \"fields\": {\"ad_soyad\": \"Ebrar Kızıl \", \"kayit_tarihi\": \"2025-09-09\", \"seviye\": \"HAZ1\", \"profil_foto\": \"\", \"ozel_notlar\": \"\", \"son_guncelleme\": \"2025-11-02T22:11:56.218Z\"}}, {\"model\": \"mainproject.ogrenci\", \"pk\": 114, \"fields\": {\"ad_soyad\": \"Yağmur Demirel\", \"kayit_tarihi\": \"2025-09-09\", \"seviye\": \"HAZ1\", \"profil_foto\": \"\", \"ozel_notlar\": \"\", \"son_guncelleme\": \"2025-11-02T22:11:56.228Z\"}}, {\"model\": \"mainproject.ogrenci\", \"pk\": 115, \"fields\": {\"ad_soyad\": \"Zehra Tavşan\", \"kayit_tarihi\": \"2025-09-09\", \"seviye\": \"HAZ1\", \"profil_foto\": \"\", \"ozel_notlar\": \"\", \"son_guncelleme\": \"2025-11-02T22:11:56.238Z\"}}, {\"model\": \"mainproject.ogrenci\", \"pk\": 117, \"fields\": {\"ad_soyad\": \"Elanur Kaya\", \"kayit_tarihi\": \"2025-09-09\", \"seviye\": \"HAZ1\", \"profil_foto\": \"\", \"ozel_notlar\": \"\", \"son_guncelleme\": \"2025-11-02T22:11:56.245Z\"}}, {\"model\": \"mainproject.ogrenci\", \"pk\": 118, \"fields\": {\"ad_soyad\": \"Berfin İlci\", \"kayit_tarihi\": \"2025-09-09\", \"seviye\": \"HAZ1\", \"profil_foto\": \"\", \"ozel_notlar\": \"\", \"son_guncelleme\": \"2025-11-02T22:11:56.255Z\"}}, {\"model\": \"mainproject.ogrenci\", \"pk\": 119, \"fields\": {\"ad_soyad\": \"Sümeyye Erkan\", \"kayit_tarihi\": \"2025-09-09\", \"seviye\": \"HAZ1\", \"profil_foto\": \"\", \"ozel_notlar\": \"\", \"son_guncelleme\": \"2025-11-02T22:11:56.263Z\"}}, {\"model\": \"mainproject.ogrenci\", \"pk\": 120, \"fields\": {\"ad_soyad\": \"Nesrin Güçin\", \"kayit_tarihi\": \"2025-09-09\", \"seviye\": \"HAZ1\", \"profil_foto\": \"\", \"ozel_notlar\": \"\", \"son_guncelleme\": \"2025-11-02T22:11:56.275Z\"}}, {\"model\": \"mainproject.ogrenci\", \"pk\": 121, \"fields\": {\"ad_soyad\": \"Hayrunnisa Çarboğa\", \"kayit_tarihi\": \"2025-09-09\", \"seviye\": \"HAZ1\", \"profil_foto\": \"\", \"ozel_notlar\": \"\", \"son_guncelleme\": \"2025-11-02T22:11:56.281Z\"}}, {\"model\": \"mainproject.ogrenci\", \"pk\": 122, \"fields\": {\"ad_soyad\": \"Kader Keşan\", \"kayit_tarihi\": \"2025-09-09\", \"seviye\": \"HAZ1\", \"profil_foto\": \"\", \"ozel_notlar\": \"\", \"son_guncelleme\": \"2025-11-02T22:11:56.291Z\"}}, {\"model\": \"mainproject.ogrenci\", \"pk\": 124, \"fields\": {\"ad_soyad\": \"Ebru Şay\", \"kayit_tarihi\": \"2025-09-09\", \"seviye\": \"HAZ1\", \"profil_foto\": \"\", \"ozel_notlar\": \"\", \"son_guncelleme\": \"2025-11-02T22:11:56.302Z\"}}, {\"model\": \"mainproject.ogrenci\", \"pk\": 125, \"fields\": {\"ad_soyad\": \"Esma Çiftçi\", \"kayit_tarihi\": \"2025-09-09\", \"seviye\": \"HAZ1\", \"profil_foto\": \"\", \"ozel_notlar\": \"\", \"son_guncelleme\": \"2025-11-02T22:11:56.311Z\"}}, {\"model\": \"mainproject.ogrenci\", \"pk\": 126, \"fields\": {\"ad_soyad\": \"Havva Tilki\", \"kayit_tarihi\": \"2025-09-09\", \"seviye\": \"HAZ1\", \"profil_foto\": \"\", \"ozel_notlar\": \"\", \"son_guncelleme\": \"2025-11-02T22:11:56.321Z\"}}, {\"model\": \"mainproject.ogrenci\", \"pk\": 127, \"fields\": {\"ad_soyad\": \"Şeyma Yay\", \"kayit_tarihi\": \"2025-09-09\", \"seviye\": \"HAZ1\", \"profil_foto\": \"\", \"ozel_notlar\": \"\", \"son_guncelleme\": \"2025-11-02T22:11:56.328Z\"}}, {\"model\": \"mainproject.ogrenci\", \"pk\": 128, \"fields\": {\"ad_soyad\": \"Ayşegül Marangoz\", \"kayit_tarihi\": \"2025-09-22\", \"seviye\": \"HAZ1\", \"profil_foto\": \"\", \"ozel_notlar\": \"\", \"son_guncelleme\": \"2025-11-02T22:11:56.339Z\"}}, {\"model\": \"mainproject.ogrenci\", \"pk\": 129, \"fields\": {\"ad_soyad\": \"Havvanur Marangoz\", \"kayit_tarihi\": \"2025-09-22\", \"seviye\": \"HAZ1\", \"profil_foto\": \"\", \"ozel_notlar\": \"\", \"son_guncelleme\": \"2025-11-02T22:11:56.342Z\"}}]",
  "yazilar": "[{\"model\": \"blog.yazi\", \"pk\": 1, \"fields\": {\"title\": \"Dünyadan el çekmiş bulunuyorum \", \"description\": \"<h2 style=\\\"font-style:italic\\\">El &ccedil;ekmiş bulunuyorum ben bu d&uuml;nyadan,</h2>\\r\\n\\r\\n<h2 style=\\\"font-style:italic\\\">Eskiden &ccedil;ok&ccedil;a oyalanıp durduğum anlardan,</h2>\\r\\n\\r\\n<h2 style=\\\"font-style:italic\\\">Uzun zamandır bir haber alınamadı zatımdan,</h2>\\r\\n\\r\\n<h2 style=\\\"font-style:italic\\\">&Ouml;ld&uuml;ğ&uuml;m&uuml; sanıyor bile olabilir &ccedil;oktan!</h2>\\r\\n\\r\\n<h2 style=\\\"font-style:italic\\\">A&ccedil;ık&ccedil;ası pek de bir &ouml;nemi yok benim i&ccedil;in,</h2>\\r\\n\\r\\n<h2 style=\\\"font-style:italic\\\">Bir sakınca g&ouml;rm&uuml;yorum beni &ouml;lm&uuml;ş bilmesinde,</h2>\\r\\n\\r\\n<h2 style=\\\"font-style:italic\\\">S&ouml;yleyecek bir şeyim de yok bunun i&ccedil;in,</h2>\\r\\n\\r\\n<h2 style=\\\"font-style:italic\\\">&Ccedil;&uuml;nk&uuml; ger&ccedil;ekten &ouml;ld&uuml;m ben bu k&uuml;rede.</h2>\\r\\n\\r\\n<h2 style=\\\"font-style:italic\\\">&Ouml;ld&uuml;m ben d&uuml;nyanın patırtısına,</h2>\\r\\n\\r\\n<h2 style=\\\"font-style:italic\\\">Ve dinleniyorum sessiz bir b&ouml;lgede!</h2>\\r\\n\\r\\n<h2 style=\\\"font-style:italic\\\">Kendi cennetimdeyim tek başına,</h2>\\r\\n\\r\\n<h2 style=\\\"font-style:italic\\\">Sevdalarımın ve kendi şarkımın i&ccedil;inde!</h2>\\r\\n\", \"imageUrl\": \"\", \"date\": \"2025-09-10\", \"isActive\": true, \"slug\": \"dunyadan-el-cekmis-bulunuyorum\", \"tarih\": \"2025-11-02T22:11:56.361Z\", \"category\": 1}}, {\"model\": \"blog.yazi\", \"pk\": 2, \"fields\": {\"title\": \"Üstad Necip Fazıl'ın kıymetli eserlerinden \\\"Çile\\\"🍃\", \"description\": \"<p>&quot;𝐇𝐚𝐤𝐢𝐤𝐚𝐭&quot;</p>\\r\\n\\r\\n<p>Allah&#39;a hakikatten yola &ccedil;ıkmak, meşakkat; Allah&#39;tan yola &ccedil;ıkıp varılan şey, hakikat...</p>\\r\\n\\r\\n<p>&quot;𝐕𝐚𝐫-𝐲𝐨𝐤&quot;</p>\\r\\n\\r\\n<p>Var&#39;ın altında yokluk, yok&#39;un altında varlık; başını kaldır da bak, boşluk bile mezarlık...</p>\\r\\n\\r\\n<p>&quot;𝐢𝐧𝐬𝐚𝐧&quot;</p>\\r\\n\\r\\n<p>Bir b&ouml;l&uuml;nmez ki, insan, onu zaman b&ouml;l&uuml;yor, insan her &acirc;n dirilip, her saniye &ouml;l&uuml;yor...</p>\\r\\n\", \"imageUrl\": \"\", \"date\": \"2025-09-10\", \"isActive\": true, \"slug\": \"ustad-necip-fazln-kymetli-eserlerinden-cile\", \"tarih\": \"2025-11-02T22:11:56.389Z\", \"category\": 5}}, {\"model\": \"blog.yazi\", \"pk\": 3, \"fields\": {\"title\": \"Gökyüzü ☁️\", \"description\": \"<blockquote>\\r\\n<p>&quot;Maviliklerde kaybolmak, ruhun en g&uuml;zel yolculuğudur.&quot;</p>\\r\\n</blockquote>\\r\\n\", \"imageUrl\": \"uploads/1000422167_4Es30sK_em3h33B_rMlSYOp_IHAtb8I_5vK58ll_HnK7fUR_Ak7dSRE.jpg\", \"date\": \"2025-09-11\", \"isActive\": true, \"slug\": \"gokyuzu\", \"tarih\": \"2025-11-02T22:11:56.392Z\", \"category\": 1}}, {\"model\": \"blog.yazi\", \"pk\": 4, \"fields\": {\"title\": \"\\\"Dünya bir denizdir.\\\"\", \"description\": \"<h2 style=\\\"font-style:italic\\\"><em><cite>&quot;D&uuml;nya bir denizdir, gemisi takvadır, yolcusu insandır.&quot;🌊 -Hz Ali (r.a)</cite></em></h2>\\r\\n\\r\\n<p>&nbsp;</p>\\r\\n\\r\\n<p><em>● D&uuml;nya ger&ccedil;ekten u&ccedil;suz bucaksız bir deniz gibi. Bazen fırtınalı, bazen durgun. Ama insan, baktığı her yerde Rabbinin izini, &ouml;z&uuml;n&uuml; g&ouml;rd&uuml;ğ&uuml;nde, o fırtınalar yerini sadece tatlı bir esintiye bırakıyor. İ&ccedil; huzuru artıyor; en basit bir manzarada bile sonsuz bir saadetin kapısı aralanıyor.</em></p>\\r\\n\", \"imageUrl\": \"uploads/1000408555_j9TQfNV_0vSkyE1_ssR2Z5s_CaOQxwO_UubEwg1_99TxNdI.jpg\", \"date\": \"2025-09-16\", \"isActive\": true, \"slug\": \"dunya-bir-denizdir\", \"tarih\": \"2025-11-02T22:11:56.411Z\", \"category\": 2}}, {\"model\": \"blog.yazi\", \"pk\": 5, \"fields\": {\"title\": \"Kasas/24\", \"description\": \"<p><strong>رَبِّ اِنّٖي لِمَٓا اَنْزَلْتَ اِلَيَّ مِنْ خَيْرٍ فَقٖيرٌ</strong></p>\\r\\n\\r\\n<p>&nbsp;</p>\\r\\n\\r\\n<p><em>&ldquo;Ey rabbim! Bana lutfedeceğin her t&uuml;rl&uuml; hayra muhtacım!&rdquo;</em></p>\\r\\n\", \"imageUrl\": \"uploads/1000298489_gYoR1hV_eVzX3fH_7ig7og0_1BhHmR4_3u30M6B_xoh48a6.jpg\", \"date\": \"2025-09-17\", \"isActive\": true, \"slug\": \"kasas24\", \"tarih\": \"2025-11-02T22:11:56.431Z\", \"category\": 2}}, {\"model\": \"blog.yazi\", \"pk\": 6, \"fields\": {\"title\": \"Umutlu günler\", \"description\": \"<p><span style=\\\"font-family:Comic Sans MS,cursive\\\">Buraya umutlu g&uuml;nler koydum. Şimdilik uzak gibi ama kimbilir, birazdan uzanıp dokunuruz belkide...</span></p>\\r\\n\", \"imageUrl\": \"uploads/1000311597_J4UWM1w_Gy7sFx1_lv4JSSS_Ut23Esp_4AWRafa_IWqQcYg.jpg\", \"date\": \"2025-09-17\", \"isActive\": true, \"slug\": \"umutlu-gunler\", \"tarih\": \"2025-11-02T22:11:56.443Z\", \"category\": 6}}, {\"model\": \"blog.yazi\", \"pk\": 8, \"fields\": {\"title\": \"Herşeyi içine çeken bir sünger olma, ayıklayan bir filtre ol.\", \"description\": \"<p><strong>&ldquo;Bir fotoğraf&ccedil;ı sahneyi değiştiremiyorsa,</strong></p>\\r\\n\\r\\n<p><strong>en iyi kareyi yakalayabilmek i&ccedil;in a&ccedil;ısını ve lensini değiştirir.</strong></p>\\r\\n\\r\\n<p>&nbsp;</p>\\r\\n\\r\\n<p><strong>Aynı şekilde, hayatta bir durumu değiştiremiyorsan,</strong></p>\\r\\n\\r\\n<p><strong>o duruma bakış a&ccedil;ını değiştir.</strong></p>\\r\\n\\r\\n<p>&nbsp;</p>\\r\\n\\r\\n<p><strong>Her şeyi i&ccedil;ine &ccedil;eken bir s&uuml;nger olma &mdash; ayıklayan bir filtre ol.&ldquo;</strong></p>\\r\\n\", \"imageUrl\": \"\", \"date\": \"2025-09-18\", \"isActive\": true, \"slug\": \"herseyi-icine-ceken-bir-sunger-olma-ayklayan-bir-filtre-ol\", \"tarih\": \"2025-11-02T22:11:56.461Z\", \"category\": 6}}, {\"model\": \"blog.yazi\", \"pk\": 9, \"fields\": {\"title\": \"KÜÇÜK ADIMLAR,BÜYÜK DEĞİŞİMLER GETİRİR.\", \"description\": \"<p><samp>Bir g&uuml;nde her şeyi değiştiremezsin...</samp></p>\\r\\n\\r\\n<p><span style=\\\"font-family:monospace\\\">Ama bir g&uuml;n başlarsan, her şey değişebilir.</span></p>\\r\\n\\r\\n<p><span style=\\\"font-family:monospace\\\">Bug&uuml;n kendin i&ccedil;in k&uuml;&ccedil;&uuml;k bir adım at.</span></p>\\r\\n\\r\\n<p><span style=\\\"font-family:monospace\\\">Belki bir kitap sayfası...</span></p>\\r\\n\\r\\n<p><span style=\\\"font-family:monospace\\\">Belki bir bardak su...</span></p>\\r\\n\\r\\n<p><span style=\\\"font-family:monospace\\\">Belki sadece nefes almak...</span></p>\\r\\n\\r\\n<p><strong>K&uuml;&ccedil;&uuml;k başla, b&uuml;y&uuml;k devam et.</strong></p>\\r\\n\\r\\n<p>&nbsp;</p>\\r\\n\\r\\n<p>&nbsp;</p>\\r\\n\", \"imageUrl\": \"\", \"date\": \"2025-09-20\", \"isActive\": true, \"slug\": \"kucuk-adimlarbuyuk-degisimler-getirir\", \"tarih\": \"2025-11-02T22:11:56.472Z\", \"category\": 6}}, {\"model\": \"blog.yazi\", \"pk\": 51, \"fields\": {\"title\": \"Önce \\\"Sen\\\"\", \"description\": \"<h3 style=\\\"color:#aaaaaa; font-style:italic\\\">&quot;Herkesten &ouml;nce kendine iyi gelmek zorundasın&quot;...</h3>\\r\\n\", \"imageUrl\": \"uploads/1000412190_PMFi4rl_XFlfOZ5.jpg\", \"date\": \"2025-09-24\", \"isActive\": true, \"slug\": \"once-sen\", \"tarih\": \"2025-11-02T22:11:56.485Z\", \"category\": 6}}, {\"model\": \"blog.yazi\", \"pk\": 52, \"fields\": {\"title\": \"\\\"Mutlu edersen, mutlu yaşarsın.\\\"\", \"description\": \"<address><strong>Hayatta her şey birbirine bağlıdır.</strong></address>\\r\\n\\r\\n<address><strong>Sevgi sevgiyi &ccedil;eker, nefret nefreti, bencillik bencilliği, c&ouml;mertlik c&ouml;mertliği, iyilik iyiliği &ccedil;eker.</strong></address>\\r\\n\\r\\n<address><strong>Asık suratlı bir insanın işleri hep ters gider. Cimrilik yapanın hayatında hi&ccedil; bereket olmaz.</strong></address>\\r\\n\\r\\n<address><strong>Yani basit bir doğa yasası</strong></address>\\r\\n\\r\\n<address><strong>Ne ekersen onu bi&ccedil;ersin...</strong></address>\\r\\n\\r\\n<address><strong>O y&uuml;zden olumlu d&uuml;ş&uuml;n.</strong></address>\\r\\n\\r\\n<address><strong>Adımlarını sevgiyle at.</strong></address>\\r\\n\\r\\n<address><strong>Tebess&uuml;m et, iyi s&ouml;z s&ouml;yle, iyi şeyler duy, mutlu yaşa...</strong></address>\\r\\n\\r\\n<address><strong>Kural basit mutlu edersen, mutlu yaşarsın...</strong></address>\\r\\n\\r\\n<address>&nbsp;</address>\\r\\n\", \"imageUrl\": \"uploads/1000314207_w7EkOb0_oQBkm1j.jpg\", \"date\": \"2025-09-24\", \"isActive\": true, \"slug\": \"mutlu-edersen-mutlu-yasarsn\", \"tarih\": \"2025-11-02T22:11:56.491Z\", \"category\": 4}}, {\"model\": \"blog.yazi\", \"pk\": 53, \"fields\": {\"title\": \"- Secde Suresi 17. Ayet\", \"description\": \"<p>&quot;<var>Hi&ccedil; kimse kendisi i&ccedil;in gizlenen m&uuml;jde ve mutluluğu bilemez.&quot;</var></p>\\r\\n\", \"imageUrl\": \"uploads/1000435738.jpg\", \"date\": \"2025-09-28\", \"isActive\": true, \"slug\": \"secde-suresi-17-ayet\", \"tarih\": \"2025-11-02T22:11:56.511Z\", \"category\": 2}}, {\"model\": \"blog.yazi\", \"pk\": 54, \"fields\": {\"title\": \"Sade, sessiz ve sakince\", \"description\": \"<p><em>Bazen iki kenarı ağa&ccedil;larla kaplı uzun uzun bir yolda aheste aheste seyahat etmek istiyorum,penceresinden g&ouml;ky&uuml;z&uuml;n&uuml; izleyip belki bir hayli g&ouml;z kırpmak t&uuml;m h&uuml;z&uuml;nlerime..</em></p>\\r\\n\\r\\n<div><em>Belki de sadece gecenin ışıklarını seyrederek,dua ederek.</em></div>\\r\\n\\r\\n<div><em>Sade,sessiz ve sakince.</em></div>\\r\\n\\r\\n<address><em>&Ouml;yle kendimle.</em></address>\\r\\n\\r\\n<p><em>Ne uykunun ne uykusuzluğun ne de yazmaların alamadığı bir yorgunluğu besliyor y&uuml;reğim. 🕊️</em></p>\\r\\n\", \"imageUrl\": \"uploads/1000408700.jpg\", \"date\": \"2025-10-08\", \"isActive\": true, \"slug\": \"sade-sessiz-ve-sakince\", \"tarih\": \"2025-11-02T22:11:56.522Z\", \"category\": 1}}, {\"model\": \"blog.yazi\", \"pk\": 55, \"fields\": {\"title\": \"Emeğiniz kadar güzelleşiyorlar.🌸\", \"description\": \"<h3>Ben &ccedil;i&ccedil;eklerin samimiyetine inanıyorum.&nbsp;</h3>\\r\\n\\r\\n<h3>İster tenekeye ekin,&nbsp;</h3>\\r\\n\\r\\n<h3>isterseniz en pahalı saksılara.</h3>\\r\\n\\r\\n<h3>Emeğiniz kadar g&uuml;zelleşiyorlar.🌻</h3>\\r\\n\", \"imageUrl\": \"uploads/1000441355.jpg\", \"date\": \"2025-10-08\", \"isActive\": true, \"slug\": \"emeginiz-kadar-guzellesiyorlar\", \"tarih\": \"2025-11-02T22:11:56.538Z\", \"category\": 1}}, {\"model\": \"blog.yazi\", \"pk\": 56, \"fields\": {\"title\": \"Bir deniz, bir de gökyüzü 🌊🌠\", \"description\": \"<p><span style=\\\"font-family:Comic Sans MS,cursive\\\">Bir deniz bir de g&ouml;ky&uuml;z&uuml;,</span></p>\\r\\n\\r\\n<p><span style=\\\"font-family:Comic Sans MS,cursive\\\">kavuşmak muh&acirc;l,yansımak serbest.</span></p>\\r\\n\\r\\n<p><span style=\\\"font-family:Comic Sans MS,cursive\\\">R&ucirc;hu var her yaradılanın.</span></p>\\r\\n\\r\\n<p><span style=\\\"font-family:Comic Sans MS,cursive\\\">R&ucirc;h hudutsuz,</span></p>\\r\\n\\r\\n<p><span style=\\\"font-family:Comic Sans MS,cursive\\\">Hudutlu g&ouml;ze.</span></p>\\r\\n\\r\\n<p><span style=\\\"font-family:Comic Sans MS,cursive\\\">Ya Rabb..</span></p>\\r\\n\\r\\n<p><span style=\\\"font-family:Comic Sans MS,cursive\\\">g&ouml;n&uuml;l idr&acirc;kı nasib eyle bize.🌸🥀</span></p>\\r\\n\", \"imageUrl\": \"uploads/1000441299_EkoInBo.jpg\", \"date\": \"2025-10-14\", \"isActive\": true, \"slug\": \"bir-deniz-bir-de-gokyuzu\", \"tarih\": \"2025-11-02T22:11:56.561Z\", \"category\": 1}}, {\"model\": \"blog.yazi\", \"pk\": 57, \"fields\": {\"title\": \"Ben, ben iken...\", \"description\": \"<p><em>Rabbim! Sana nasıl dua edeyim; Ben, ben iken...Ve senden nasıl &uuml;midimi keseyim; Sen, sen iken... </em></p>\\r\\n\\r\\n<p><em>Rabbim!</em></p>\\r\\n\\r\\n<p><em>Eğer senden istemezsem kimden isteyeyim ki versin?</em></p>\\r\\n\\r\\n<p><em>Eğer sana dua etmezsem kimden dileyeyim ki bana cevap versin? Eğer sana yakarmazsam kimden dileyip de merhamet bulayım? Rabbim! Musa ya denizi yardın kurtardın boğulmaktan beni de kurtar Rabbim bu derin karanlıktan... Yetiş yardımınla, gecikmeden rahmetinle kurtar Ya Erhamer Rahimin....🤲</em></p>\\r\\n\", \"imageUrl\": \"uploads/1000448026.jpg\", \"date\": \"2025-10-15\", \"isActive\": true, \"slug\": \"ben-ben-iken\", \"tarih\": \"2025-11-02T22:11:56.573Z\", \"category\": 2}}, {\"model\": \"blog.yazi\", \"pk\": 58, \"fields\": {\"title\": \"Dünya dediğin vebâdır, devâ olmaz derdine...\", \"description\": \"<p><strong>Bir avu&ccedil; duada bir sıcak merhamette Allah korkusu olan bir kalpte yurdumuz var ise belki o zaman deva olur biraz y&uuml;reğimize bu imtihan d&uuml;nyası..</strong></p>\\r\\n\\r\\n<p><strong>kalbin s&uuml;k&ucirc;n bulması, g&ouml;nl&uuml;n rahatlaması i&ccedil;in yaratılan her şeyi yaradanın rızası &uuml;zere sevip Allah&#39;a ulaştıran&nbsp;</strong><strong>bir bağ olarak g&ouml;rmeli.</strong></p>\\r\\n\\r\\n<p><strong>Maddede takıl kalmadan manaya erebilmeli, Kalbulm&ucirc;mini arşurrahman! </strong></p>\\r\\n\\r\\n<p><strong>İncitme..</strong></p>\\r\\n\\r\\n<p><strong>incitme azizim incittiğinle kalırsın, zira burası d&uuml;nya burası hududlu,y&uuml;regin rizaullah ile yansın.</strong></p>\\r\\n\\r\\n<p><strong>Rabbim cemalullah ile m&uuml;kafatlandırsın🌻</strong></p>\\r\\n\", \"imageUrl\": \"\", \"date\": \"2025-10-15\", \"isActive\": true, \"slug\": \"dunya-dedigin-vebadr-deva-olmaz-derdine\", \"tarih\": \"2025-11-02T22:11:56.593Z\", \"category\": 2}}, {\"model\": \"blog.yazi\", \"pk\": 59, \"fields\": {\"title\": \"Bazen en çok konuştuğumuz anlarda değil,en sessiz kaldığımız vakitlerde duyulur hakikat. \", \"description\": \"<h3 style=\\\"color:#aaaaaa; font-style:italic\\\">Bazen en &ccedil;ok konuştuğumuz anlarda değil, en sessiz kaldığımız vakitlerde duyulur hakikat.</h3>\\r\\n\\r\\n<div>Kalbinin fırtınası dinecekse, &ouml;nce Rabbine sığın.&nbsp;</div>\\r\\n\\r\\n<div>&Ccedil;&uuml;nk&uuml; O, seni susturmak i&ccedil;in değil, i&ccedil;inde huzur kurmak i&ccedil;in sessizliğe davet eder.</div>\\r\\n\\r\\n<div>D&uuml;nya seni yorar, insanlar yanlış anlar, yollar karışır&hellip;&nbsp;</div>\\r\\n\\r\\n<div>Ama sen sadece &ldquo;Rabbim bilir&rdquo; de.</div>\\r\\n\\r\\n<div>O bilir, &ccedil;&uuml;nk&uuml; kalbini O attırıyor.</div>\\r\\n\\r\\n<div>Bilir, &ccedil;&uuml;nk&uuml; dermanı yine O&rsquo;nda saklı.</div>\\r\\n\\r\\n<div>Ve bil ki; bir kul, Allah&rsquo;a tam teslim olduğunda, kaderin en sert r&uuml;zg&acirc;rları bile kalbine dokunamaz.</div>\\r\\n\", \"imageUrl\": \"\", \"date\": \"2025-10-16\", \"isActive\": true, \"slug\": \"bazen-en-cok-konustugumuz-anlarda-degilen-sessiz-kaldgmz-vakitlerde-duyulur-hakikat\", \"tarih\": \"2025-11-02T22:11:56.611Z\", \"category\": 2}}, {\"model\": \"blog.yazi\", \"pk\": 60, \"fields\": {\"title\": \"Herşey olması gerektiği gibi oluyor.\", \"description\": \"<p><cite><strong>Korkma&hellip; Her şey olması gerektiği gibi oluyor.</strong></cite></p>\\r\\n\\r\\n<p><cite><strong>Senin i&ccedil;in kapandığını sandığın o kapı, belki de bir felaketten koruyor seni.</strong></cite></p>\\r\\n\\r\\n<p><cite><strong>Rabbin biliyor, sen g&ouml;rmesen de O planlıyor.</strong></cite></p>\\r\\n\\r\\n<p><cite><strong>Sadece sakin ol, sabret ve inan &mdash; hi&ccedil;bir dua cevapsız kalmaz.💌</strong></cite></p>\\r\\n\", \"imageUrl\": \"uploads/1000450290.jpg\", \"date\": \"2025-10-20\", \"isActive\": true, \"slug\": \"hersey-olmas-gerektigi-gibi-oluyor\", \"tarih\": \"2025-11-02T22:11:56.621Z\", \"category\": 2}}, {\"model\": \"blog.yazi\", \"pk\": 61, \"fields\": {\"title\": \"23.10.2025💫\", \"description\": \"<h2 style=\\\"font-style:italic\\\"><span style=\\\"color:#1abc9c\\\">&quot;iyilikten şaşmamalı insan, &ccedil;&uuml;nk&uuml; Allah&#39;ın iyi insanlar i&ccedil;in hep g&uuml;zel bir planı vardır&quot;...</span></h2>\\r\\n\", \"imageUrl\": \"\", \"date\": \"2025-10-23\", \"isActive\": true, \"slug\": \"23102025\", \"tarih\": \"2025-11-02T22:11:56.631Z\", \"category\": 2}}, {\"model\": \"blog.yazi\", \"pk\": 62, \"fields\": {\"title\": \"Söz, Öz ve Hakikat\", \"description\": \"<p>İnsanoğlu &quot;S&ouml;z,&ouml;z ve Hakikat &uuml;zerine inşa ediyor varlığını.</p>\\r\\n\\r\\n<p>Yani ş&ouml;yle d&uuml;ş&uuml;n&uuml;n; İnsan bir&ccedil;ok konu hakkında s&ouml;z sahibi olabilir.</p>\\r\\n\\r\\n<p>Aslında kelimeler, c&uuml;mleler &ccedil;ok kıymetlidir fakat bunu &ouml;z ile karşılaştırdığımızda &ouml;zde o s&ouml;zlerin ger&ccedil;ekliğinin yansımasını g&ouml;rm&uuml;yorsak orda hakikatten bahsedemeyiz.</p>\\r\\n\\r\\n<p>&Ouml;rnek verirsek; Bir sorun karşısında&nbsp;</p>\\r\\n\\r\\n<p>&ccedil;abalayın,sabredin&quot; diyen biri karşısına &ccedil;ıkan ilk engelde kabullenip hi&ccedil;bir &ccedil;aba sarfetmiyor elinden geleni yapmıyorsa oradaki &ouml;z de hi&ccedil;bir hakikat aranmaz sadece s&ouml;zde kelamcı &ouml;rneğidir bu! Kabul g&ouml;rmez.</p>\\r\\n\\r\\n<p>Hakikat...Hi&ccedil;bir duygunun hi&ccedil;bir d&uuml;ş&uuml;ncenin ya da durumun &ccedil;&ouml;z&uuml;m&uuml;n&uuml;n sadece dilde pelesenk olmasıyla yaşanmaz.</p>\\r\\n\\r\\n<p>Hakikat..Kendini s&ouml;zde cesur ve g&uuml;&ccedil;l&uuml; sananlarla değil ger&ccedil;ekten &ouml;zde cesur ve g&uuml;&ccedil;l&uuml; olanlarla yaşanır.</p>\\r\\n\\r\\n<p>Bu iki ayrım &ouml;nemli💫</p>\\r\\n\\r\\n<p>Tuğba Kılı&ccedil; bir yazısında ş&ouml;yle demiş:</p>\\r\\n\\r\\n<p>&quot;İnsan ne zaman elinden gelenin en iyisi yapar bilir misiniz?</p>\\r\\n\\r\\n<p>İnanırsa !</p>\\r\\n\\r\\n<p>Yani hem s&ouml;zde hem &ouml;zde inan&ccedil; ile...</p>\\r\\n\\r\\n<p>&Ccedil;&uuml;nk&uuml; inandığın senin i&ccedil;in en iyisidir. Herkesin kalbi yani &ouml;z&uuml; kendini ve inancını besler.&quot;</p>\\r\\n\\r\\n<p>Evet bir insana s&ouml;zleriyle inanabiliriz bu &ccedil;ok doğal..&Ccedil;&uuml;nk&uuml; kelimelerle anlaşırız biz. Ama &ouml;z ile de yaşarız.</p>\\r\\n\\r\\n<p>&Ouml;z olmayınca s&ouml;zdeki inan&ccedil;ta yok olup gidiyor bir zaman sonra. Orada da hakikat aranmıyor işte.✨️</p>\\r\\n\", \"imageUrl\": \"uploads/1000453606.jpg\", \"date\": \"2025-10-24\", \"isActive\": true, \"slug\": \"soz-oz-ve-hakikat\", \"tarih\": \"2025-11-02T22:11:56.643Z\", \"category\": 1}}, {\"model\": \"blog.yazi\", \"pk\": 63, \"fields\": {\"title\": \"Senin değil miyiz?\", \"description\": \"<p><em><span style=\\\"font-size:16px\\\">Senin değil miyiz hepimiz </span></em></p>\\r\\n\\r\\n<p><em><span style=\\\"font-size:16px\\\">Senin değil mi her şey</span></em></p>\\r\\n\\r\\n<p><em><span style=\\\"font-size:16px\\\">Alırsın&nbsp; kime ne </span></em></p>\\r\\n\\r\\n<p><em><span style=\\\"font-size:16px\\\">verirsin kime ne</span></em></p>\\r\\n\\r\\n<p><em><span style=\\\"font-size:16px\\\">Ve bu a&ccedil;tığımız&nbsp;</span></em><em><span style=\\\"font-size:16px\\\">&nbsp;eller senin değil mi?</span></em></p>\\r\\n\\r\\n<p><em><span style=\\\"font-size:16px\\\">Senin değil miyiz hepimiz Rabbim!</span></em></p>\\r\\n\\r\\n<p><em><span style=\\\"font-size:16px\\\">Bir yıldız,</span></em><em><span style=\\\"font-size:16px\\\">&nbsp;bir ağa&ccedil;, bir buğday tanesi kadar...🍂🍁</span></em></p>\\r\\n\\r\\n<p><strong>​Necip Fazıl&#39;ın da dediği gibi:</strong></p>\\r\\n\\r\\n<p><strong>&quot;Bana bir ben lazım,birde beni anlayan.&quot;</strong></p>\\r\\n\\r\\n<p><strong>&quot;Beni bir ben anlarım,birde beni yaradan...&quot;🖋</strong></p>\\r\\n\\r\\n<p>&nbsp;</p>\\r\\n\", \"imageUrl\": \"uploads/1000454008.jpg\", \"date\": \"2025-10-26\", \"isActive\": true, \"slug\": \"senin-degil-miyiz\", \"tarih\": \"2025-11-02T22:11:56.661Z\", \"category\": 1}}, {\"model\": \"blog.yazi\", \"pk\": 64, \"fields\": {\"title\": \"\\\"Bir Duruşu Olmalı insanın;\", \"description\": \"<p><cite>Şefkat ve merhametle dolu kocaman y&uuml;reklere sahip olun! Tebess&uuml;me sebep olun! Umut olun!</cite></p>\\r\\n\\r\\n<p><cite>Umudun varlığını bilmeyenlere, o umudu var edeni g&ouml;rmelerini,hissetmelerini sağlayın!</cite></p>\\r\\n\\r\\n<p><cite>&quot;Sakın &Uuml;mitsizliğe d&uuml;şenlerden Olmayın!&quot; Kelamıyla kullarını umutlandıran Rabbimizin varlığına iman i&ccedil;in vesile olun.</cite></p>\\r\\n\\r\\n<p><cite>Halinizle,tavrınızla,kelamınızla huzuru hissettirin. T&uuml;m bunları &ouml;nemsemek,farketmek şahsi kimliğin dava meselesidir aslında.</cite></p>\\r\\n\\r\\n<p><cite>Cahit Zarifoğlu demiş ki;</cite></p>\\r\\n\\r\\n<p><cite>&quot;Bir Duruşu Olmalı insanın; Bir Bakışı, Bir Anlayışı, Bir Aşkı, Bir Davası Olmalı&quot;</cite></p>\\r\\n\\r\\n<p><cite>İnsan bu hayatta birşeyleri dava edinmeli. Bir insanın ihtiyacı olduğunda umut olabiliyorsan bu karşılığını buluyor ve artık yaşamınızda s&uuml;rekli hale geliyorsa bu &nbsp;demek ki size bir ikramdır. bunu&nbsp; sahiplenin.Bu sizin davanız olsun.</cite></p>\\r\\n\\r\\n<p><cite>Bir duruma bakışınız,s&ouml;ylemleriniz,duruşunuz karşınızdakilere huzur veriyorsa bu d&ouml;n&uuml;şleri sıklıkla alıyorsanız demek ki bu size bir ikramdır. Bu sizin davanız olsun sahiplenin.</cite></p>\\r\\n\\r\\n<p><cite>Farkedip yaşamınızda,kendinize ve &ccedil;evrenize fayda sağladığınız t&uuml;m olumlu ve g&uuml;zel halleri dava edinebilirsiniz.</cite></p>\\r\\n\\r\\n<p><cite>Davanın b&uuml;y&uuml;ğ&uuml; k&uuml;&ccedil;&uuml;ğ&uuml; olmaz!</cite></p>\\r\\n\\r\\n<p><cite>insana fayda; Dine,Vatana,Bayrağa fayda sağlamak demek zaten..</cite></p>\\r\\n\\r\\n<p><cite>Bunu &ouml;nemseyelim...💫</cite></p>\\r\\n\", \"imageUrl\": \"\", \"date\": \"2025-10-29\", \"isActive\": true, \"slug\": \"bir-durusu-olmal-insann\", \"tarih\": \"2025-11-02T22:11:56.673Z\", \"category\": 1}}]",
  "ezber_kayitlari": "[{\"model\": \"mainproject.ezberkaydi\", \"pk\": 1, \"fields\": {\"ogrenci\": 121, \"sure\": 13, \"durum\": \"DEVAM\", \"baslama_tarihi\": \"2025-10-20\", \"bitis_tarihi\": \"2025-10-20\", \"tahmini_bitis\": null, \"gunluk_calisma\": 1, \"zorluk\": 2, \"yorum\": \"\", \"ilerleme\": 0}}, {\"model\": \"mainproject.ezberkaydi\", \"pk\": 2, \"fields\": {\"ogrenci\": 112, \"sure\": 13, \"durum\": \"DEVAM\", \"baslama_tarihi\": \"2025-10-20\", \"bitis_tarihi\": null, \"tahmini_bitis\": null, \"gunluk_calisma\": 1, \"zorluk\": 2, \"yorum\": \"\", \"ilerleme\": 0}}, {\"model\": \"mainproject.ezberkaydi\", \"pk\": 3, \"fields\": {\"ogrenci\": 114, \"sure\": 13, \"durum\": \"DEVAM\", \"baslama_tarihi\": \"2025-10-22\", \"bitis_tarihi\": null, \"tahmini_bitis\": null, \"gunluk_calisma\": 1, \"zorluk\": 2, \"yorum\": \"\", \"ilerleme\": 8}}, {\"model\": \"mainproject.ezberkaydi\", \"pk\": 4, \"fields\": {\"ogrenci\": 113, \"sure\": 13, \"durum\": \"DEVAM\", \"baslama_tarihi\": \"2025-10-24\", \"bitis_tarihi\": null, \"tahmini_bitis\": null, \"gunluk_calisma\": 1, \"zorluk\": 2, \"yorum\": \"\", \"ilerleme\": 0}}]",
  "sinav_sonuclari": "[{\"model\": \"mainproject.sinavsonucu\", \"pk\": 77, \"fields\": {\"ogrenci\": 126, \"ders\": 1, \"sinav_tipi\": \"GENEL\", \"puan\": 99, \"tarih\": \"2025-10-13\", \"aciklama\": \"1. sınav\"}}, {\"model\": \"mainproject.sinavsonucu\", \"pk\": 78, \"fields\": {\"ogrenci\": 126, \"ders\": 4, \"sinav_tipi\": \"GENEL\", \"puan\": 65, \"tarih\": \"2025-10-13\", \"aciklama\": \"1. sınav\"}}, {\"model\": \"mainproject.sinavsonucu\", \"pk\": 89, \"fields\": {\"ogrenci\": 128, \"ders\": 1, \"sinav_tipi\": \"GENEL\", \"puan\": 81, \"tarih\": \"2025-10-13\", \"aciklama\": \"1. sınav\"}}, {\"model\": \"mainproject.sinavsonucu\", \"pk\": 90, \"fields\": {\"ogrenci\": 128, \"ders\": 4, \"sinav_tipi\": \"GENEL\", \"puan\": 30, \"tarih\": \"2025-10-13\", \"aciklama\": \"1. sınav\"}}, {\"model\": \"mainproject.sinavsonucu\", \"pk\": 95, \"fields\": {\"ogrenci\": 119, \"ders\": 1, \"sinav_tipi\": \"GENEL\", \"puan\": 75, \"tarih\": \"2025-10-13\", \"aciklama\": \"1. sınav\"}}, {\"model\": \"mainproject.sinavsonucu\", \"pk\": 96, \"fields\": {\"ogrenci\": 119, \"ders\": 4, \"sinav_tipi\": \"GENEL\", \"puan\": 50, \"tarih\": \"2025-10-13\", \"aciklama\": \"1. sınav\"}}, {\"model\": \"mainproject.sinavsonucu\", \"pk\": 97, \"fields\": {\"ogrenci\": 118, \"ders\": 1, \"sinav_tipi\": \"GENEL\", \"puan\": 66, \"tarih\": \"2025-10-13\", \"aciklama\": \"1. sınav\"}}, {\"model\": \"mainproject.sinavsonucu\", \"pk\": 98, \"fields\": {\"ogrenci\": 118, \"ders\": 4, \"sinav_tipi\": \"GENEL\", \"puan\": 40, \"tarih\": \"2025-10-13\", \"aciklama\": \"1. sınav\"}}, {\"model\": \"mainproject.sinavsonucu\", \"pk\": 99, \"fields\": {\"ogrenci\": 125, \"ders\": 1, \"sinav_tipi\": \"GENEL\", \"puan\": 59, \"tarih\": \"2025-10-13\", \"aciklama\": \"1. sınav\"}}, {\"model\": \"mainproject.sinavsonucu\", \"pk\": 100, \"fields\": {\"ogrenci\": 125, \"ders\": 4, \"sinav_tipi\": \"GENEL\", \"puan\": 40, \"tarih\": \"2025-10-13\", \"aciklama\": \"1. sınav\"}}, {\"model\": \"mainproject.sinavsonucu\", \"pk\": 101, \"fields\": {\"ogrenci\": 129, \"ders\": 1, \"sinav_tipi\": \"GENEL\", \"puan\": 58, \"tarih\": \"2025-10-13\", \"aciklama\": \"1. sınav\"}}, {\"model\": \"mainproject.sinavsonucu\", \"pk\": 102, \"fields\": {\"ogrenci\": 129, \"ders\": 4, \"sinav_tipi\": \"GENEL\", \"puan\": 20, \"tarih\": \"2025-10-13\", \"aciklama\": \"1. sınav\"}}, {\"model\": \"mainproject.sinavsonucu\", \"pk\": 107, \"fields\": {\"ogrenci\": 127, \"ders\": 1, \"sinav_tipi\": \"GENEL\", \"puan\": 43, \"tarih\": \"2025-10-13\", \"aciklama\": \"1. sınav\"}}, {\"model\": \"mainproject.sinavsonucu\", \"pk\": 108, \"fields\": {\"ogrenci\": 127, \"ders\": 4, \"sinav_tipi\": \"GENEL\", \"puan\": 20, \"tarih\": \"2025-10-13\", \"aciklama\": \"1. sınav\"}}, {\"model\": \"mainproject.sinavsonucu\", \"pk\": 113, \"fields\": {\"ogrenci\": 122, \"ders\": 1, \"sinav_tipi\": \"GENEL\", \"puan\": 17, \"tarih\": \"2025-10-13\", \"aciklama\": \"1. sınav\"}}, {\"model\": \"mainproject.sinavsonucu\", \"pk\": 114, \"fields\": {\"ogrenci\": 122, \"ders\": 4, \"sinav_tipi\": \"GENEL\", \"puan\": 55, \"tarih\": \"2025-10-13\", \"aciklama\": \"1. sınav\"}}, {\"model\": \"mainproject.sinavsonucu\", \"pk\": 211, \"fields\": {\"ogrenci\": 121, \"ders\": 1, \"sinav_tipi\": \"GENEL\", \"puan\": 93, \"tarih\": \"2025-10-20\", \"aciklama\": \"1. sınav\"}}, {\"model\": \"mainproject.sinavsonucu\", \"pk\": 212, \"fields\": {\"ogrenci\": 121, \"ders\": 4, \"sinav_tipi\": \"GENEL\", \"puan\": 85, \"tarih\": \"2025-10-20\", \"aciklama\": \"1. sınav\"}}, {\"model\": \"mainproject.sinavsonucu\", \"pk\": 213, \"fields\": {\"ogrenci\": 112, \"ders\": 1, \"sinav_tipi\": \"GENEL\", \"puan\": 98, \"tarih\": \"2025-10-20\", \"aciklama\": \"1. sınav\"}}, {\"model\": \"mainproject.sinavsonucu\", \"pk\": 214, \"fields\": {\"ogrenci\": 112, \"ders\": 4, \"sinav_tipi\": \"GENEL\", \"puan\": 90, \"tarih\": \"2025-10-20\", \"aciklama\": \"1. sınav\"}}, {\"model\": \"mainproject.sinavsonucu\", \"pk\": 263, \"fields\": {\"ogrenci\": 114, \"ders\": 1, \"sinav_tipi\": \"GENEL\", \"puan\": 93, \"tarih\": \"2025-10-23\", \"aciklama\": \"1. sınav\"}}, {\"model\": \"mainproject.sinavsonucu\", \"pk\": 264, \"fields\": {\"ogrenci\": 114, \"ders\": 4, \"sinav_tipi\": \"GENEL\", \"puan\": 80, \"tarih\": \"2025-10-23\", \"aciklama\": \"1. sınav\"}}, {\"model\": \"mainproject.sinavsonucu\", \"pk\": 265, \"fields\": {\"ogrenci\": 113, \"ders\": 1, \"sinav_tipi\": \"GENEL\", \"puan\": 53, \"tarih\": \"2025-10-24\", \"aciklama\": \"1. sınav\"}}, {\"model\": \"mainproject.sinavsonucu\", \"pk\": 266, \"fields\": {\"ogrenci\": 113, \"ders\": 4, \"sinav_tipi\": \"GENEL\", \"puan\": 70, \"tarih\": \"2025-10-24\", \"aciklama\": \"1. sınav\"}}, {\"model\": \"mainproject.sinavsonucu\", \"pk\": 335, \"fields\": {\"ogrenci\": 115, \"ders\": 1, \"sinav_tipi\": \"GENEL\", \"puan\": 35, \"tarih\": \"2025-10-28\", \"aciklama\": \"1. sınav\"}}, {\"model\": \"mainproject.sinavsonucu\", \"pk\": 336, \"fields\": {\"ogrenci\": 115, \"ders\": 4, \"sinav_tipi\": \"GENEL\", \"puan\": 45, \"tarih\": \"2025-10-28\", \"aciklama\": \"1. sınav\"}}, {\"model\": \"mainproject.sinavsonucu\", \"pk\": 337, \"fields\": {\"ogrenci\": 124, \"ders\": 1, \"sinav_tipi\": \"GENEL\", \"puan\": 93, \"tarih\": \"2025-10-30\", \"aciklama\": \"1. sınav\"}}, {\"model\": \"mainproject.sinavsonucu\", \"pk\": 338, \"fields\": {\"ogrenci\": 124, \"ders\": 4, \"sinav_tipi\": \"GENEL\", \"puan\": 65, \"tarih\": \"2025-10-30\", \"aciklama\": \"1. sınav\"}}, {\"model\": \"mainproject.sinavsonucu\", \"pk\": 341, \"fields\": {\"ogrenci\": 117, \"ders\": 1, \"sinav_tipi\": \"GENEL\", \"puan\": 91, \"tarih\": \"2025-10-30\", \"aciklama\": \"1. sınav\"}}, {\"model\": \"mainproject.sinavsonucu\", \"pk\": 342, \"fields\": {\"ogrenci\": 117, \"ders\": 4, \"sinav_tipi\": \"GENEL\", \"puan\": 70, \"tarih\": \"2025-10-30\", \"aciklama\": \"1. sınav\"}}, {\"model\": \"mainproject.sinavsonucu\", \"pk\": 343, \"fields\": {\"ogrenci\": 120, \"ders\": 1, \"sinav_tipi\": \"GENEL\", \"puan\": 48, \"tarih\": \"2025-10-30\", \"aciklama\": \"1. sınav\"}}, {\"model\": \"mainproject.sinavsonucu\", \"pk\": 344, \"fields\": {\"ogrenci\": 120, \"ders\": 4, \"sinav_tipi\": \"GENEL\", \"puan\": 55, \"tarih\": \"2025-10-30\", \"aciklama\": \"1. sınav\"}}]",
  "ders_notlari": "[]",
  "alintilar": "[{\"model\": \"mainproject.alinti\", \"pk\": 1, \"fields\": {\"quote_text\": \"\\\"İçimde söylemek istediğim çok şey var sanki. Çok büyük şeyler. Bunları ifade etmenin yolunu bulamıyorum, bazen bana öyle geliyor ki bütün dünya, bütün hayat, her şey içimde duruyor ve sözcüsü olmam için feryat ediyor. Hissediyorum... ama anlatamıyorum\\\"...\\r\\n\\r\\n\", \"author\": \"Jack London \", \"source\": \"Martın eden\", \"category\": \"edebi\", \"isActive\": true, \"created_at\": \"2025-09-15T20:42:30.546Z\"}}, {\"model\": \"mainproject.alinti\", \"pk\": 2, \"fields\": {\"quote_text\": \"\\\"Haritasız ve dümensiz kalmış, gideceği limanı olmayan bir gemiydi. Kendini akıntıya bırakıp sürüklenmek, en azından hareket etmek, hayatta kalmak demekti ki içini acıtan şey de zaten buydu; yaşamak\\\"...\", \"author\": \"Jack London \", \"source\": \"Martın eden\", \"category\": \"edebi\", \"isActive\": true, \"created_at\": \"2025-09-15T20:44:26.254Z\"}}, {\"model\": \"mainproject.alinti\", \"pk\": 3, \"fields\": {\"quote_text\": \"📌\\\"Ben hasta bir adamım. Hayır, bedenim değil, ruhum hasta, beynim hasta. Bütün değerlerimi kaybettim sanki. Hiçbir şeyi umursamıyorum.\\\"\\r\\n\\r\\n📌\\\"Kitaplarla, resimlerle, güzel şeylerle dolu olan, insanların alçak sesle konuştukları, kendilerinin ve düşüncelerinin temiz olduğu bir havayı solumak istiyorum.\\\"\\r\\n\\r\\n📌\\\"En hızlı giden, yalnız gidendir\\\"...\\r\\n\\r\\n📌\\\"Ait olduğu yeri bulamamıştı\\\"...\\r\\n\\r\\n📌 \\\"Kendi küçük hayatlarını dar kafalı küçük formüllere göre yaşayanları, bir araya toplaşmış sürüler dışında var olmayan varlıkları,yaşamlarını başkalarının  düşüncelerine göre kalıplara sokanları, kölesi oldukları çocuksu kurallar nedeniyle gerçekten yaşamayı ve birey olmayı beceremeyenleri düşününce bir iki kez acı kahkahalara boğuldu\\\"...\", \"author\": \"Jack London \", \"source\": \"Martın eden\", \"category\": \"edebi\", \"isActive\": true, \"created_at\": \"2025-09-15T21:16:25.483Z\"}}, {\"model\": \"mainproject.alinti\", \"pk\": 4, \"fields\": {\"quote_text\": \"\\\"Seni kitap okuyan insanlarla tanıştıracağım. Hayat ancak böyle insanlarla bir araya geliyorsan yaşanmaya değer olur.\\\"\", \"author\": \"Jack London \", \"source\": \"Martın eden\", \"category\": \"edebi\", \"isActive\": true, \"created_at\": \"2025-09-15T21:28:42.482Z\"}}, {\"model\": \"mainproject.alinti\", \"pk\": 5, \"fields\": {\"quote_text\": \"Simyacı, hayallerin ve kendini keşfetmenin peşinden gitmeyi anlatan, okuduğum en ilham verici kitaplardan biri.\\r\\nKitabın en etkileyici yönlerinden biri, her şeyin bir anlamı olduğunu ve insanın kendi kalbine ve yüreğine kulak vererek hayatının anlamını bulabileceği fikriydi. Hayatın küçük işaretlerine dikkat etmeyi ve kendi yolumuza inanmayı hatırlatan simyacı, herkesin farklı bir mesaj bulabileceği,  her okuyuşta yeni bir anlam katmanı açan özel bir kitap✨️\", \"author\": \"Paulo Coelho \", \"source\": \"Simyacı \", \"category\": \"edebi\", \"isActive\": true, \"created_at\": \"2025-09-29T20:48:26.910Z\"}}, {\"model\": \"mainproject.alinti\", \"pk\": 6, \"fields\": {\"quote_text\": \"\\\"Sözcüklerin ötesinde bir dil var\\\"\", \"author\": \"Paulo Coelho \", \"source\": \"Simyacı \", \"category\": \"edebi\", \"isActive\": true, \"created_at\": \"2025-09-29T20:49:12.094Z\"}}, {\"model\": \"mainproject.alinti\", \"pk\": 7, \"fields\": {\"quote_text\": \"\\\"Ve bir şey istediğin zaman, bütün evren arzunun gerçekleşmesi için işbirliği yapar\\\"\", \"author\": \"Paulo Coelho \", \"source\": \"Simyacı \", \"category\": \"edebi\", \"isActive\": true, \"created_at\": \"2025-09-29T20:50:06.410Z\"}}, {\"model\": \"mainproject.alinti\", \"pk\": 8, \"fields\": {\"quote_text\": \"\\\"Öyleyse neden yüreğimi dinlemek zorundayım.\\r\\n-Çünkü onu susturmaya hiç bir zaman başaramazsın...\\\"\", \"author\": \"Paulo Coelho \", \"source\": \"Simyacı \", \"category\": \"edebi\", \"isActive\": true, \"created_at\": \"2025-09-29T20:51:02.427Z\"}}, {\"model\": \"mainproject.alinti\", \"pk\": 9, \"fields\": {\"quote_text\": \"\\\"Çünkü insanlar resimlerin ve sözcüklerin büyüsüne kapılıp sonunda Evren'in Dil'ini unuturlar\\\"\", \"author\": \"Paulo Coelho \", \"source\": \"Simyacı \", \"category\": \"edebi\", \"isActive\": true, \"created_at\": \"2025-09-29T20:52:20.549Z\"}}, {\"model\": \"mainproject.alinti\", \"pk\": 10, \"fields\": {\"quote_text\": \"✨️Çünkü yüreğin neredeyse hazinen de oradadır.\\r\\n\\r\\n✨️En karanlık an, şafak sökmeden önceki andır.\\r\\n\\r\\n✨️Öyle zamanlar vardır ki insan hayat ırmağının akış yönünü değiştiremez.\\r\\n\\r\\n✨️Değeri bilinmeyen her lütuf felakete dönüşüyor.\", \"author\": \"Paulo Coelho \", \"source\": \"Simyacı \", \"category\": \"edebi\", \"isActive\": true, \"created_at\": \"2025-09-29T20:55:24.562Z\"}}, {\"model\": \"mainproject.alinti\", \"pk\": 11, \"fields\": {\"quote_text\": \"Benim hastalığım, yirmi yıl içinde bütün kasabada tek bir akıllı adam bulabilmemdir. Ama oda bir deli! \", \"author\": \"Anton çehov\", \"source\": \"Altıncı koğuş\", \"category\": \"edebi\", \"isActive\": true, \"created_at\": \"2025-10-08T07:53:38.765Z\"}}, {\"model\": \"mainproject.alinti\", \"pk\": 12, \"fields\": {\"quote_text\": \"\\r\\n\\\"Her türlü zorbalığın toplum tarafından makul ve yerinde bir gereklilik olarak karşılandığı, beraat kararı gibi her türlü merhamet göstergesinin toplumda tatminsizlik ve intikam duyguları uyandırdığı bir dünyada adaleti düşünmek gülünç değil midir?\\\"💐\\r\\n\\r\\n\", \"author\": \"Anton çehov\", \"source\": \"Altıncı koğuş\", \"category\": \"edebi\", \"isActive\": true, \"created_at\": \"2025-10-08T07:54:59.359Z\"}}, {\"model\": \"mainproject.alinti\", \"pk\": 13, \"fields\": {\"quote_text\": \"\\r\\n- Acıyı küçümsersiniz, ama parmağınızı kapıya sıkıştırdığınız vakit en yüksek perdeden inlersiniz!💫\", \"author\": \"Anton çehov\", \"source\": \"Altıncı koğuş\", \"category\": \"edebi\", \"isActive\": true, \"created_at\": \"2025-10-08T07:55:58.754Z\"}}, {\"model\": \"mainproject.alinti\", \"pk\": 14, \"fields\": {\"quote_text\": \"\\r\\n- Demekki ben acı çektiğim, memnun olmadığım ve insanların alçaklıklarına şaşırdığım için aptalım.\", \"author\": \"Anton çehov\", \"source\": \"Altıncı koğuş\", \"category\": \"edebi\", \"isActive\": true, \"created_at\": \"2025-10-08T07:56:25.067Z\"}}, {\"model\": \"mainproject.alinti\", \"pk\": 15, \"fields\": {\"quote_text\": \"\\r\\n“…bence kitaplar notaya,sohbet ise şarkı söylemeye benziyor.”🎵🎼\", \"author\": \"Anton çehov\", \"source\": \"Altıncı koğuş\", \"category\": \"edebi\", \"isActive\": true, \"created_at\": \"2025-10-08T07:57:32.682Z\"}}, {\"model\": \"mainproject.alinti\", \"pk\": 16, \"fields\": {\"quote_text\": \"\\r\\n\\\"-Sıcak, rahat bir oda ve bu koğuş arasında hiçbir fark yok,dedi.\\r\\n-İnsanın huzuru ve memnuniyeti dışarıda değil, içindedir.\\r\\n-Nasıl yani?\\r\\n-Sıradan bir insan iyi ya da kötüyü dışarıdan, yani bir atlı arabadan ya da bir çalışma odasından bekler. Düşünen bir insan ise kendinde bulur.\\\"🦋\", \"author\": \"Anton çehov\", \"source\": \"Altıncı koğuş\", \"category\": \"edebi\", \"isActive\": true, \"created_at\": \"2025-10-08T10:00:01.661Z\"}}, {\"model\": \"mainproject.alinti\", \"pk\": 17, \"fields\": {\"quote_text\": \"🔖\\\"Ölüyorum ve bunun bilincinde olma cesaretine sahibim.\\\"\\r\\n\\r\\n\\r\\n🔖Düşünen bir insan olgunluğa eriştiğinde ve tam bir bilinç kazandığında kendini istençsiz olarak sanki çıkışı olmayan bir tuzağın içindeymiş gibi hisseder.\\r\\n\\r\\n\\r\\n🔖sonuçta maddi ya da manevi bir pisliği bir yerden kovsanız da başka yere sıçrayacaktır. Pisliğin kendiliğinden yok olmasını beklemek gerekir. Üstelik hastaneyi açan insanlar bir şeylere tahammül ediyorsa, hastaneye ihtiyaçları var demektir. Önyargılar, gündelik yaşantımızdaki bütün bu pislik ve iğrençlikler gereklidir, çünkü bunlar gübrenin kara toprağa dönüşmesi gibi zamanla faydalı bir şeye dönüşür. Kökeninde pislik barındırmayan iyi bir şey dünya üzerinde bugüne kadar görülmemiştir.\", \"author\": \"Anton çehov\", \"source\": \"Altıncı koğuş\", \"category\": \"edebi\", \"isActive\": true, \"created_at\": \"2025-10-08T10:12:09.975Z\"}}, {\"model\": \"mainproject.alinti\", \"pk\": 19, \"fields\": {\"quote_text\": \"Önemi yok.\\\" dedim.\\r\\nTam tersine, çok önemliydi. Öyle üzgündüm ki, o kadar büyük bir hayal kırıklığına uğramıştım ki, o an ölmeyi istedim.🍃\", \"author\": \"Jose Mauro de Vasconcelos\", \"source\": \"Şeker portakalı\", \"category\": \"\", \"isActive\": true, \"created_at\": \"2025-10-12T17:58:06.858Z\"}}, {\"model\": \"mainproject.alinti\", \"pk\": 20, \"fields\": {\"quote_text\": \"Şimdi acının ne olduğunu gerçekten biliyordum. Ayağını bir cam parçasıyla kesmek ve eczanede dikiş attırmak değildi bu. Acı, insanın birlikte ölmesi gereken şeydi. Kollarda, başta en ufak güç bırakmayan, yastıkta kafayı bir yandan öbür yana çevirme cesaretini yok eden şeydi.🍂\\r\\n\\r\\n\", \"author\": \"Jose Mauro de Vasconcelos\", \"source\": \"Şeker portakalı\", \"category\": \"\", \"isActive\": true, \"created_at\": \"2025-10-12T18:19:13.673Z\"}}, {\"model\": \"mainproject.alinti\", \"pk\": 21, \"fields\": {\"quote_text\": \"\\r\\n\\\"Daha çok anlat,\\\" dedim.\\r\\n\\\"Hoşuna gidiyor mu?\\\"\\r\\n\\\"Çok. Elimden gelse, seninle sekiz yüz elli iki bin kilometre hiç durmadan konuşurdum.\\\"\\r\\n\\\"Bu kadar yola nasıl benzin yetiştiririz?\\\"\\r\\n\\\"Gider gibi yaparız..\\\"🦋\", \"author\": \"Jose Mauro de Vasconcelos\", \"source\": \"Şeker portakalı🍊\", \"category\": \"\", \"isActive\": true, \"created_at\": \"2025-10-12T18:20:37.559Z\"}}, {\"model\": \"mainproject.alinti\", \"pk\": 22, \"fields\": {\"quote_text\": \"\\r\\n- Acılarım kaç gün sürecek Portuga?\\r\\n\\r\\n- 40 gün.\\r\\n\\r\\n- 40 gün sonra geçecek mi?\\r\\n\\r\\n- Hayır, alışacaksın...💌\", \"author\": \"Jose Mauro de Vasconcelos\", \"source\": \"Şeker portakalı🍊\", \"category\": \"\", \"isActive\": true, \"created_at\": \"2025-10-12T18:21:45.993Z\"}}, {\"model\": \"mainproject.alinti\", \"pk\": 23, \"fields\": {\"quote_text\": \"Neden benim gibi yapmayı öğrenmiyorsun?\\r\\n\\\"Sen ne yapıyorsun ki?\\\"\\r\\n\\\"Kimseden hiçbir şey beklemiyorum.Böylece hayal kırıklığına da uğramamış oluyorum.\\\"💯👌\", \"author\": \"Jose Mauro de Vasconcelos\", \"source\": \"Şeker portakalı\", \"category\": \"\", \"isActive\": true, \"created_at\": \"2025-10-12T18:23:03.088Z\"}}, {\"model\": \"mainproject.alinti\", \"pk\": 24, \"fields\": {\"quote_text\": \"\\\"Ruhu çok ağrıyordu, her zaman gülüyor olmuş olsa bile.”🕊\", \"author\": \"Jose Mauro de Vasconcelos\", \"source\": \"Şeker portakalı\", \"category\": \"\", \"isActive\": true, \"created_at\": \"2025-10-12T18:24:47.476Z\"}}, {\"model\": \"mainproject.alinti\", \"pk\": 25, \"fields\": {\"quote_text\": \"\\r\\n\\\"Bir kış sabretmişsin de tam çiçek açacakken dolu vurmuş gibi oluyor hayat.\\\"🥀\", \"author\": \"Jose Mauro de Vasconcelos\", \"source\": \"Şeker portakalı\", \"category\": \"\", \"isActive\": true, \"created_at\": \"2025-10-12T18:25:29.806Z\"}}]",
  "dersler": "[{\"model\": \"mainproject.ders\", \"pk\": 1, \"fields\": {\"ad\": \"Akaid (İtikad)\", \"tur\": \"AKAID\", \"aciklama\": \"\"}}, {\"model\": \"mainproject.ders\", \"pk\": 2, \"fields\": {\"ad\": \"Fıkıh (İbadet)\", \"tur\": \"FIKIH\", \"aciklama\": \"\"}}, {\"model\": \"mainproject.ders\", \"pk\": 3, \"fields\": {\"ad\": \"Siyer\", \"tur\": \"SIYER\", \"aciklama\": \"\"}}, {\"model\": \"mainproject.ders\", \"pk\": 4, \"fields\": {\"ad\": \"Tecvid\", \"tur\": \"TECV\", \"aciklama\": \"\"}}]",
  "ezber_sureleri": "[{\"model\": \"mainproject.ezbersuresi\", \"pk\": 13, \"fields\": {\"ad\": \"30. Cüz Tamamı\", \"sira\": 1, \"tahmini_sure\": 14, \"aciklama\": \"\"}}, {\"model\": \"mainproject.ezbersuresi\", \"pk\": 1, \"fields\": {\"ad\": \"Mülk Suresi\", \"sira\": 2, \"tahmini_sure\": 7, \"aciklama\": \"\"}}, {\"model\": \"mainproject.ezbersuresi\", \"pk\": 2, \"fields\": {\"ad\": \"Cin Suresi\", \"sira\": 3, \"tahmini_sure\": 7, \"aciklama\": \"\"}}, {\"model\": \"mainproject.ezbersuresi\", \"pk\": 3, \"fields\": {\"ad\": \"Kıyame Suresi\", \"sira\": 4, \"tahmini_sure\": 7, \"aciklama\": \"\"}}, {\"model\": \"mainproject.ezbersuresi\", \"pk\": 4, \"fields\": {\"ad\": \"Cuma Suresi\", \"sira\": 5, \"tahmini_sure\": 7, \"aciklama\": \"\"}}, {\"model\": \"mainproject.ezbersuresi\", \"pk\": 5, \"fields\": {\"ad\": \"Saff Suresi\", \"sira\": 6, \"tahmini_sure\": 7, \"aciklama\": \"\"}}, {\"model\": \"mainproject.ezbersuresi\", \"pk\": 6, \"fields\": {\"ad\": \"Rahman Suresi\", \"sira\": 7, \"tahmini_sure\": 7, \"aciklama\": \"\"}}, {\"model\": \"mainproject.ezbersuresi\", \"pk\": 7, \"fields\": {\"ad\": \"Vakia Suresi\", \"sira\": 8, \"tahmini_sure\": 7, \"aciklama\": \"\"}}, {\"model\": \"mainproject.ezbersuresi\", \"pk\": 8, \"fields\": {\"ad\": \"Fetih Suresi\", \"sira\": 9, \"tahmini_sure\": 7, \"aciklama\": \"\"}}, {\"model\": \"mainproject.ezbersuresi\", \"pk\": 9, \"fields\": {\"ad\": \"Hucurat Suresi\", \"sira\": 10, \"tahmini_sure\": 7, \"aciklama\": \"\"}}, {\"model\": \"mainproject.ezbersuresi\", \"pk\": 10, \"fields\": {\"ad\": \"Yasin Suresi\", \"sira\": 11, \"tahmini_sure\": 7, \"aciklama\": \"\"}}, {\"model\": \"mainproject.ezbersuresi\", \"pk\": 11, \"fields\": {\"ad\": \"Enfal Suresi\", \"sira\": 12, \"tahmini_sure\": 7, \"aciklama\": \"\"}}, {\"model\": \"mainproject.ezbersuresi\", \"pk\": 12, \"fields\": {\"ad\": \"İsra Suresi\", \"sira\": 13, \"tahmini_sure\": 7, \"aciklama\": \"\"}}]",
  "elifba_ezberleri": "[{\"model\": \"mainproject.elifbaezberi\", \"pk\": 1, \"fields\": {\"ad\": \"Fatiha Suresi\", \"sira\": 1, \"tahmini_sure\": 3, \"aciklama\": \"\"}}, {\"model\": \"mainproject.elifbaezberi\", \"pk\": 2, \"fields\": {\"ad\": \"Bakara 1-5\", \"sira\": 2, \"tahmini_sure\": 5, \"aciklama\": \"\"}}, {\"model\": \"mainproject.elifbaezberi\", \"pk\": 3, \"fields\": {\"ad\": \"Rabbena Duaları\", \"sira\": 3, \"tahmini_sure\": 2, \"aciklama\": \"\"}}, {\"model\": \"mainproject.elifbaezberi\", \"pk\": 4, \"fields\": {\"ad\": \"Ezan Duası\", \"sira\": 4, \"tahmini_sure\": 2, \"aciklama\": \"\"}}, {\"model\": \"mainproject.elifbaezberi\", \"pk\": 5, \"fields\": {\"ad\": \"Kamet\", \"sira\": 5, \"tahmini_sure\": 2, \"aciklama\": \"\"}}, {\"model\": \"mainproject.elifbaezberi\", \"pk\": 6, \"fields\": {\"ad\": \"Tesbihat\", \"sira\": 6, \"tahmini_sure\": 3, \"aciklama\": \"\"}}, {\"model\": \"mainproject.elifbaezberi\", \"pk\": 7, \"fields\": {\"ad\": \"Amentü Duası\", \"sira\": 7, \"tahmini_sure\": 2, \"aciklama\": \"\"}}, {\"model\": \"mainproject.elifbaezberi\", \"pk\": 8, \"fields\": {\"ad\": \"İftitah Duası\", \"sira\": 8, \"tahmini_sure\": 2, \"aciklama\": \"\"}}, {\"model\": \"mainproject.elifbaezberi\", \"pk\": 9, \"fields\": {\"ad\": \"Tahiyyat Duası\", \"sira\": 9, \"tahmini_sure\": 2, \"aciklama\": \"\"}}, {\"model\": \"mainproject.elifbaezberi\", \"pk\": 10, \"fields\": {\"ad\": \"Salli-barik Duaları\", \"sira\": 10, \"tahmini_sure\": 3, \"aciklama\": \"\"}}, {\"model\": \"mainproject.elifbaezberi\", \"pk\": 11, \"fields\": {\"ad\": \"Kunut Duası\", \"sira\": 11, \"tahmini_sure\": 3, \"aciklama\": \"\"}}, {\"model\": \"mainproject.elifbaezberi\", \"pk\": 12, \"fields\": {\"ad\": \"Yemek Duası\", \"sira\": 12, \"tahmini_sure\": 1, \"aciklama\": \"\"}}, {\"model\": \"mainproject.elifbaezberi\", \"pk\": 13, \"fields\": {\"ad\": \"Başlangıç Duası\", \"sira\": 13, \"tahmini_sure\": 1, \"aciklama\": \"\"}}, {\"model\": \"mainproject.elifbaezberi\", \"pk\": 14, \"fields\": {\"ad\": \"İstiğfar Duası\", \"sira\": 14, \"tahmini_sure\": 1, \"aciklama\": \"\"}}, {\"model\": \"mainproject.elifbaezberi\", \"pk\": 15, \"fields\": {\"ad\": \"Ayetel Kürsi\", \"sira\": 15, \"tahmini_sure\": 2, \"aciklama\": \"\"}}, {\"model\": \"mainproject.elifbaezberi\", \"pk\": 16, \"fields\": {\"ad\": \"Amenerrasülü\", \"sira\": 16, \"tahmini_sure\": 3, \"aciklama\": \"\"}}, {\"model\": \"mainproject.elifbaezberi\", \"pk\": 17, \"fields\": {\"ad\": \"La yestevi\", \"sira\": 17, \"tahmini_sure\": 2, \"aciklama\": \"\"}}]",
  "elifba_ezber_durumlari": "[{\"model\": \"mainproject.elifbaezberdurumu\", \"pk\": 1, \"fields\": {\"ogrenci\": 121, \"ezber\": 8, \"durum\": \"TAMAMLANDI\", \"baslama_tarihi\": \"2025-10-06\", \"bitis_tarihi\": \"2025-10-06\", \"yorum\": \"Ezberini anlamıyla beraber tahkik okuyuşla güzel verdi.\", \"tamamlandi_tarihi\": \"2025-10-06\"}}, {\"model\": \"mainproject.elifbaezberdurumu\", \"pk\": 2, \"fields\": {\"ogrenci\": 112, \"ezber\": 8, \"durum\": \"TAMAMLANDI\", \"baslama_tarihi\": \"2025-10-06\", \"bitis_tarihi\": \"2025-10-06\", \"yorum\": \"Ezberini tahkik usulü ile anlamıyla beraber çok kuvvetli verdi\", \"tamamlandi_tarihi\": \"2025-10-06\"}}, {\"model\": \"mainproject.elifbaezberdurumu\", \"pk\": 3, \"fields\": {\"ogrenci\": 112, \"ezber\": 9, \"durum\": \"TAMAMLANDI\", \"baslama_tarihi\": \"2025-10-07\", \"bitis_tarihi\": \"2025-10-07\", \"yorum\": \"Güzel okudu\", \"tamamlandi_tarihi\": \"2025-10-07\"}}, {\"model\": \"mainproject.elifbaezberdurumu\", \"pk\": 4, \"fields\": {\"ogrenci\": 121, \"ezber\": 9, \"durum\": \"TAMAMLANDI\", \"baslama_tarihi\": \"2025-10-07\", \"bitis_tarihi\": \"2025-10-07\", \"yorum\": \"Ezberini güzel okudu\", \"tamamlandi_tarihi\": \"2025-10-07\"}}, {\"model\": \"mainproject.elifbaezberdurumu\", \"pk\": 5, \"fields\": {\"ogrenci\": 113, \"ezber\": 8, \"durum\": \"TAMAMLANDI\", \"baslama_tarihi\": \"2025-10-07\", \"bitis_tarihi\": \"2025-10-08\", \"yorum\": \"\", \"tamamlandi_tarihi\": \"2025-10-08\"}}, {\"model\": \"mainproject.elifbaezberdurumu\", \"pk\": 6, \"fields\": {\"ogrenci\": 114, \"ezber\": 8, \"durum\": \"TAMAMLANDI\", \"baslama_tarihi\": \"2025-10-07\", \"bitis_tarihi\": \"2025-10-07\", \"yorum\": \"Ezberini güzel verdi\", \"tamamlandi_tarihi\": \"2025-10-07\"}}, {\"model\": \"mainproject.elifbaezberdurumu\", \"pk\": 7, \"fields\": {\"ogrenci\": 121, \"ezber\": 10, \"durum\": \"TAMAMLANDI\", \"baslama_tarihi\": \"2025-10-08\", \"bitis_tarihi\": \"2025-10-08\", \"yorum\": \"\", \"tamamlandi_tarihi\": \"2025-10-08\"}}, {\"model\": \"mainproject.elifbaezberdurumu\", \"pk\": 8, \"fields\": {\"ogrenci\": 112, \"ezber\": 10, \"durum\": \"TAMAMLANDI\", \"baslama_tarihi\": \"2025-10-08\", \"bitis_tarihi\": \"2025-10-08\", \"yorum\": \"\", \"tamamlandi_tarihi\": \"2025-10-08\"}}, {\"model\": \"mainproject.elifbaezberdurumu\", \"pk\": 9, \"fields\": {\"ogrenci\": 114, \"ezber\": 9, \"durum\": \"TAMAMLANDI\", \"baslama_tarihi\": \"2025-10-08\", \"bitis_tarihi\": \"2025-10-08\", \"yorum\": \"\", \"tamamlandi_tarihi\": \"2025-10-08\"}}, {\"model\": \"mainproject.elifbaezberdurumu\", \"pk\": 10, \"fields\": {\"ogrenci\": 112, \"ezber\": 11, \"durum\": \"TAMAMLANDI\", \"baslama_tarihi\": \"2025-10-09\", \"bitis_tarihi\": \"2025-10-09\", \"yorum\": \"Çok güzeldi\", \"tamamlandi_tarihi\": \"2025-10-09\"}}, {\"model\": \"mainproject.elifbaezberdurumu\", \"pk\": 11, \"fields\": {\"ogrenci\": 121, \"ezber\": 11, \"durum\": \"TAMAMLANDI\", \"baslama_tarihi\": \"2025-10-09\", \"bitis_tarihi\": \"2025-10-09\", \"yorum\": \"Çok güzeldi \", \"tamamlandi_tarihi\": \"2025-10-09\"}}, {\"model\": \"mainproject.elifbaezberdurumu\", \"pk\": 12, \"fields\": {\"ogrenci\": 113, \"ezber\": 9, \"durum\": \"TAMAMLANDI\", \"baslama_tarihi\": \"2025-10-09\", \"bitis_tarihi\": \"2025-10-09\", \"yorum\": \"Dikkatsiz çalışıyor hareke hatası var\", \"tamamlandi_tarihi\": \"2025-10-09\"}}, {\"model\": \"mainproject.elifbaezberdurumu\", \"pk\": 13, \"fields\": {\"ogrenci\": 120, \"ezber\": 8, \"durum\": \"TAMAMLANDI\", \"baslama_tarihi\": \"2025-10-09\", \"bitis_tarihi\": \"2025-10-09\", \"yorum\": \"\", \"tamamlandi_tarihi\": \"2025-10-09\"}}, {\"model\": \"mainproject.elifbaezberdurumu\", \"pk\": 14, \"fields\": {\"ogrenci\": 120, \"ezber\": 9, \"durum\": \"TAMAMLANDI\", \"baslama_tarihi\": \"2025-10-09\", \"bitis_tarihi\": \"2025-10-09\", \"yorum\": \"Dikkatsiz çalışıyor \", \"tamamlandi_tarihi\": \"2025-10-09\"}}, {\"model\": \"mainproject.elifbaezberdurumu\", \"pk\": 15, \"fields\": {\"ogrenci\": 114, \"ezber\": 10, \"durum\": \"TAMAMLANDI\", \"baslama_tarihi\": \"2025-10-09\", \"bitis_tarihi\": \"2025-10-09\", \"yorum\": \"Güzeldi \", \"tamamlandi_tarihi\": \"2025-10-09\"}}, {\"model\": \"mainproject.elifbaezberdurumu\", \"pk\": 16, \"fields\": {\"ogrenci\": 112, \"ezber\": 4, \"durum\": \"TAMAMLANDI\", \"baslama_tarihi\": \"2025-10-10\", \"bitis_tarihi\": \"2025-10-10\", \"yorum\": \"\", \"tamamlandi_tarihi\": \"2025-10-10\"}}, {\"model\": \"mainproject.elifbaezberdurumu\", \"pk\": 17, \"fields\": {\"ogrenci\": 112, \"ezber\": 7, \"durum\": \"TAMAMLANDI\", \"baslama_tarihi\": \"2025-10-10\", \"bitis_tarihi\": \"2025-10-10\", \"yorum\": \"\", \"tamamlandi_tarihi\": \"2025-10-10\"}}, {\"model\": \"mainproject.elifbaezberdurumu\", \"pk\": 18, \"fields\": {\"ogrenci\": 112, \"ezber\": 5, \"durum\": \"TAMAMLANDI\", \"baslama_tarihi\": \"2025-10-10\", \"bitis_tarihi\": \"2025-10-10\", \"yorum\": \"\", \"tamamlandi_tarihi\": \"2025-10-10\"}}, {\"model\": \"mainproject.elifbaezberdurumu\", \"pk\": 19, \"fields\": {\"ogrenci\": 121, \"ezber\": 7, \"durum\": \"TAMAMLANDI\", \"baslama_tarihi\": \"2025-10-10\", \"bitis_tarihi\": \"2025-10-10\", \"yorum\": \"\", \"tamamlandi_tarihi\": \"2025-10-10\"}}, {\"model\": \"mainproject.elifbaezberdurumu\", \"pk\": 20, \"fields\": {\"ogrenci\": 121, \"ezber\": 4, \"durum\": \"TAMAMLANDI\", \"baslama_tarihi\": \"2025-10-10\", \"bitis_tarihi\": \"2025-10-10\", \"yorum\": \"\", \"tamamlandi_tarihi\": \"2025-10-10\"}}, {\"model\": \"mainproject.elifbaezberdurumu\", \"pk\": 21, \"fields\": {\"ogrenci\": 121, \"ezber\": 5, \"durum\": \"TAMAMLANDI\", \"baslama_tarihi\": \"2025-10-10\", \"bitis_tarihi\": \"2025-10-10\", \"yorum\": \"\", \"tamamlandi_tarihi\": \"2025-10-10\"}}, {\"model\": \"mainproject.elifbaezberdurumu\", \"pk\": 22, \"fields\": {\"ogrenci\": 113, \"ezber\": 10, \"durum\": \"TAMAMLANDI\", \"baslama_tarihi\": \"2025-10-10\", \"bitis_tarihi\": \"2025-10-10\", \"yorum\": \"\", \"tamamlandi_tarihi\": \"2025-10-10\"}}, {\"model\": \"mainproject.elifbaezberdurumu\", \"pk\": 23, \"fields\": {\"ogrenci\": 120, \"ezber\": 10, \"durum\": \"TAMAMLANDI\", \"baslama_tarihi\": \"2025-10-10\", \"bitis_tarihi\": \"2025-10-10\", \"yorum\": \"\", \"tamamlandi_tarihi\": \"2025-10-10\"}}, {\"model\": \"mainproject.elifbaezberdurumu\", \"pk\": 24, \"fields\": {\"ogrenci\": 114, \"ezber\": 11, \"durum\": \"TAMAMLANDI\", \"baslama_tarihi\": \"2025-10-10\", \"bitis_tarihi\": \"2025-10-10\", \"yorum\": \"\", \"tamamlandi_tarihi\": \"2025-10-10\"}}, {\"model\": \"mainproject.elifbaezberdurumu\", \"pk\": 25, \"fields\": {\"ogrenci\": 112, \"ezber\": 3, \"durum\": \"TAMAMLANDI\", \"baslama_tarihi\": \"2025-10-11\", \"bitis_tarihi\": \"2025-10-11\", \"yorum\": \"\", \"tamamlandi_tarihi\": \"2025-10-11\"}}, {\"model\": \"mainproject.elifbaezberdurumu\", \"pk\": 26, \"fields\": {\"ogrenci\": 112, \"ezber\": 6, \"durum\": \"TAMAMLANDI\", \"baslama_tarihi\": \"2025-10-11\", \"bitis_tarihi\": \"2025-10-11\", \"yorum\": \"\", \"tamamlandi_tarihi\": \"2025-10-11\"}}, {\"model\": \"mainproject.elifbaezberdurumu\", \"pk\": 27, \"fields\": {\"ogrenci\": 112, \"ezber\": 12, \"durum\": \"TAMAMLANDI\", \"baslama_tarihi\": \"2025-10-11\", \"bitis_tarihi\": \"2025-10-11\", \"yorum\": \"\", \"tamamlandi_tarihi\": \"2025-10-11\"}}, {\"model\": \"mainproject.elifbaezberdurumu\", \"pk\": 28, \"fields\": {\"ogrenci\": 113, \"ezber\": 11, \"durum\": \"TAMAMLANDI\", \"baslama_tarihi\": \"2025-10-11\", \"bitis_tarihi\": \"2025-10-13\", \"yorum\": \"\", \"tamamlandi_tarihi\": \"2025-10-13\"}}, {\"model\": \"mainproject.elifbaezberdurumu\", \"pk\": 29, \"fields\": {\"ogrenci\": 121, \"ezber\": 3, \"durum\": \"TAMAMLANDI\", \"baslama_tarihi\": \"2025-10-11\", \"bitis_tarihi\": \"2025-10-11\", \"yorum\": \"\", \"tamamlandi_tarihi\": \"2025-10-11\"}}, {\"model\": \"mainproject.elifbaezberdurumu\", \"pk\": 30, \"fields\": {\"ogrenci\": 121, \"ezber\": 6, \"durum\": \"TAMAMLANDI\", \"baslama_tarihi\": \"2025-10-11\", \"bitis_tarihi\": \"2025-10-11\", \"yorum\": \"\", \"tamamlandi_tarihi\": \"2025-10-11\"}}, {\"model\": \"mainproject.elifbaezberdurumu\", \"pk\": 31, \"fields\": {\"ogrenci\": 121, \"ezber\": 12, \"durum\": \"TAMAMLANDI\", \"baslama_tarihi\": \"2025-10-11\", \"bitis_tarihi\": \"2025-10-11\", \"yorum\": \"\", \"tamamlandi_tarihi\": \"2025-10-11\"}}, {\"model\": \"mainproject.elifbaezberdurumu\", \"pk\": 32, \"fields\": {\"ogrenci\": 120, \"ezber\": 11, \"durum\": \"TAMAMLANDI\", \"baslama_tarihi\": \"2025-10-11\", \"bitis_tarihi\": \"2025-10-13\", \"yorum\": \"\", \"tamamlandi_tarihi\": \"2025-10-13\"}}, {\"model\": \"mainproject.elifbaezberdurumu\", \"pk\": 33, \"fields\": {\"ogrenci\": 114, \"ezber\": 7, \"durum\": \"TAMAMLANDI\", \"baslama_tarihi\": \"2025-10-11\", \"bitis_tarihi\": \"2025-10-11\", \"yorum\": \"\", \"tamamlandi_tarihi\": \"2025-10-11\"}}, {\"model\": \"mainproject.elifbaezberdurumu\", \"pk\": 34, \"fields\": {\"ogrenci\": 114, \"ezber\": 5, \"durum\": \"TAMAMLANDI\", \"baslama_tarihi\": \"2025-10-11\", \"bitis_tarihi\": \"2025-10-11\", \"yorum\": \"\", \"tamamlandi_tarihi\": \"2025-10-11\"}}, {\"model\": \"mainproject.elifbaezberdurumu\", \"pk\": 35, \"fields\": {\"ogrenci\": 114, \"ezber\": 4, \"durum\": \"TAMAMLANDI\", \"baslama_tarihi\": \"2025-10-11\", \"bitis_tarihi\": \"2025-10-11\", \"yorum\": \"\", \"tamamlandi_tarihi\": \"2025-10-11\"}}, {\"model\": \"mainproject.elifbaezberdurumu\", \"pk\": 36, \"fields\": {\"ogrenci\": 112, \"ezber\": 13, \"durum\": \"TAMAMLANDI\", \"baslama_tarihi\": \"2025-10-13\", \"bitis_tarihi\": \"2025-10-13\", \"yorum\": \"\", \"tamamlandi_tarihi\": \"2025-10-13\"}}, {\"model\": \"mainproject.elifbaezberdurumu\", \"pk\": 37, \"fields\": {\"ogrenci\": 112, \"ezber\": 14, \"durum\": \"TAMAMLANDI\", \"baslama_tarihi\": \"2025-10-13\", \"bitis_tarihi\": \"2025-10-13\", \"yorum\": \"\", \"tamamlandi_tarihi\": \"2025-10-13\"}}, {\"model\": \"mainproject.elifbaezberdurumu\", \"pk\": 38, \"fields\": {\"ogrenci\": 113, \"ezber\": 7, \"durum\": \"TAMAMLANDI\", \"baslama_tarihi\": \"2025-10-13\", \"bitis_tarihi\": \"2025-10-13\", \"yorum\": \"\", \"tamamlandi_tarihi\": \"2025-10-13\"}}, {\"model\": \"mainproject.elifbaezberdurumu\", \"pk\": 39, \"fields\": {\"ogrenci\": 121, \"ezber\": 13, \"durum\": \"TAMAMLANDI\", \"baslama_tarihi\": \"2025-10-13\", \"bitis_tarihi\": \"2025-10-13\", \"yorum\": \"\", \"tamamlandi_tarihi\": \"2025-10-13\"}}, {\"model\": \"mainproject.elifbaezberdurumu\", \"pk\": 40, \"fields\": {\"ogrenci\": 121, \"ezber\": 14, \"durum\": \"TAMAMLANDI\", \"baslama_tarihi\": \"2025-10-13\", \"bitis_tarihi\": \"2025-10-13\", \"yorum\": \"\", \"tamamlandi_tarihi\": \"2025-10-13\"}}, {\"model\": \"mainproject.elifbaezberdurumu\", \"pk\": 41, \"fields\": {\"ogrenci\": 114, \"ezber\": 6, \"durum\": \"TAMAMLANDI\", \"baslama_tarihi\": \"2025-10-13\", \"bitis_tarihi\": \"2025-10-13\", \"yorum\": \"\", \"tamamlandi_tarihi\": \"2025-10-13\"}}, {\"model\": \"mainproject.elifbaezberdurumu\", \"pk\": 42, \"fields\": {\"ogrenci\": 114, \"ezber\": 3, \"durum\": \"TAMAMLANDI\", \"baslama_tarihi\": \"2025-10-13\", \"bitis_tarihi\": \"2025-10-13\", \"yorum\": \"\", \"tamamlandi_tarihi\": \"2025-10-13\"}}, {\"model\": \"mainproject.elifbaezberdurumu\", \"pk\": 43, \"fields\": {\"ogrenci\": 114, \"ezber\": 12, \"durum\": \"TAMAMLANDI\", \"baslama_tarihi\": \"2025-10-13\", \"bitis_tarihi\": \"2025-10-13\", \"yorum\": \"\", \"tamamlandi_tarihi\": \"2025-10-13\"}}, {\"model\": \"mainproject.elifbaezberdurumu\", \"pk\": 44, \"fields\": {\"ogrenci\": 112, \"ezber\": 2, \"durum\": \"TAMAMLANDI\", \"baslama_tarihi\": \"2025-10-14\", \"bitis_tarihi\": \"2025-10-14\", \"yorum\": \"\", \"tamamlandi_tarihi\": \"2025-10-14\"}}, {\"model\": \"mainproject.elifbaezberdurumu\", \"pk\": 45, \"fields\": {\"ogrenci\": 112, \"ezber\": 1, \"durum\": \"TAMAMLANDI\", \"baslama_tarihi\": \"2025-10-14\", \"bitis_tarihi\": \"2025-10-14\", \"yorum\": \"\", \"tamamlandi_tarihi\": \"2025-10-14\"}}, {\"model\": \"mainproject.elifbaezberdurumu\", \"pk\": 46, \"fields\": {\"ogrenci\": 120, \"ezber\": 4, \"durum\": \"TAMAMLANDI\", \"baslama_tarihi\": \"2025-10-14\", \"bitis_tarihi\": \"2025-10-14\", \"yorum\": \"Normal ince harfleri kalın okuyor\", \"tamamlandi_tarihi\": \"2025-10-14\"}}, {\"model\": \"mainproject.elifbaezberdurumu\", \"pk\": 47, \"fields\": {\"ogrenci\": 120, \"ezber\": 5, \"durum\": \"TAMAMLANDI\", \"baslama_tarihi\": \"2025-10-14\", \"bitis_tarihi\": \"2025-10-14\", \"yorum\": \"\", \"tamamlandi_tarihi\": \"2025-10-14\"}}, {\"model\": \"mainproject.elifbaezberdurumu\", \"pk\": 48, \"fields\": {\"ogrenci\": 113, \"ezber\": 5, \"durum\": \"TAMAMLANDI\", \"baslama_tarihi\": \"2025-10-14\", \"bitis_tarihi\": \"2025-10-14\", \"yorum\": \"\", \"tamamlandi_tarihi\": \"2025-10-14\"}}, {\"model\": \"mainproject.elifbaezberdurumu\", \"pk\": 49, \"fields\": {\"ogrenci\": 113, \"ezber\": 4, \"durum\": \"TAMAMLANDI\", \"baslama_tarihi\": \"2025-10-14\", \"bitis_tarihi\": \"2025-10-14\", \"yorum\": \"ه harfini yutuyor ر harfini boğuk çıkarıyor \", \"tamamlandi_tarihi\": \"2025-10-14\"}}, {\"model\": \"mainproject.elifbaezberdurumu\", \"pk\": 50, \"fields\": {\"ogrenci\": 113, \"ezber\": 6, \"durum\": \"TAMAMLANDI\", \"baslama_tarihi\": \"2025-10-14\", \"bitis_tarihi\": \"2025-10-14\", \"yorum\": \"\", \"tamamlandi_tarihi\": \"2025-10-14\"}}, {\"model\": \"mainproject.elifbaezberdurumu\", \"pk\": 51, \"fields\": {\"ogrenci\": 121, \"ezber\": 1, \"durum\": \"TAMAMLANDI\", \"baslama_tarihi\": \"2025-10-14\", \"bitis_tarihi\": \"2025-10-14\", \"yorum\": \"\", \"tamamlandi_tarihi\": \"2025-10-14\"}}, {\"model\": \"mainproject.elifbaezberdurumu\", \"pk\": 52, \"fields\": {\"ogrenci\": 121, \"ezber\": 2, \"durum\": \"TAMAMLANDI\", \"baslama_tarihi\": \"2025-10-14\", \"bitis_tarihi\": \"2025-10-14\", \"yorum\": \"\", \"tamamlandi_tarihi\": \"2025-10-14\"}}, {\"model\": \"mainproject.elifbaezberdurumu\", \"pk\": 53, \"fields\": {\"ogrenci\": 114, \"ezber\": 14, \"durum\": \"TAMAMLANDI\", \"baslama_tarihi\": \"2025-10-14\", \"bitis_tarihi\": \"2025-10-14\", \"yorum\": \"\", \"tamamlandi_tarihi\": \"2025-10-14\"}}, {\"model\": \"mainproject.elifbaezberdurumu\", \"pk\": 54, \"fields\": {\"ogrenci\": 113, \"ezber\": 12, \"durum\": \"TAMAMLANDI\", \"baslama_tarihi\": \"2025-10-15\", \"bitis_tarihi\": \"2025-10-15\", \"yorum\": \"\", \"tamamlandi_tarihi\": \"2025-10-15\"}}, {\"model\": \"mainproject.elifbaezberdurumu\", \"pk\": 55, \"fields\": {\"ogrenci\": 113, \"ezber\": 3, \"durum\": \"TAMAMLANDI\", \"baslama_tarihi\": \"2025-10-15\", \"bitis_tarihi\": \"2025-10-15\", \"yorum\": \"\", \"tamamlandi_tarihi\": \"2025-10-15\"}}, {\"model\": \"mainproject.elifbaezberdurumu\", \"pk\": 56, \"fields\": {\"ogrenci\": 121, \"ezber\": 15, \"durum\": \"TAMAMLANDI\", \"baslama_tarihi\": \"2025-10-15\", \"bitis_tarihi\": \"2025-10-15\", \"yorum\": \"\", \"tamamlandi_tarihi\": \"2025-10-15\"}}, {\"model\": \"mainproject.elifbaezberdurumu\", \"pk\": 57, \"fields\": {\"ogrenci\": 112, \"ezber\": 15, \"durum\": \"TAMAMLANDI\", \"baslama_tarihi\": \"2025-10-15\", \"bitis_tarihi\": \"2025-10-15\", \"yorum\": \"\", \"tamamlandi_tarihi\": \"2025-10-15\"}}, {\"model\": \"mainproject.elifbaezberdurumu\", \"pk\": 58, \"fields\": {\"ogrenci\": 120, \"ezber\": 6, \"durum\": \"TAMAMLANDI\", \"baslama_tarihi\": \"2025-10-15\", \"bitis_tarihi\": \"2025-10-15\", \"yorum\": \"\", \"tamamlandi_tarihi\": \"2025-10-15\"}}, {\"model\": \"mainproject.elifbaezberdurumu\", \"pk\": 59, \"fields\": {\"ogrenci\": 120, \"ezber\": 7, \"durum\": \"TAMAMLANDI\", \"baslama_tarihi\": \"2025-10-15\", \"bitis_tarihi\": \"2025-10-15\", \"yorum\": \"\", \"tamamlandi_tarihi\": \"2025-10-15\"}}, {\"model\": \"mainproject.elifbaezberdurumu\", \"pk\": 60, \"fields\": {\"ogrenci\": 120, \"ezber\": 3, \"durum\": \"TAMAMLANDI\", \"baslama_tarihi\": \"2025-10-15\", \"bitis_tarihi\": \"2025-10-15\", \"yorum\": \"\", \"tamamlandi_tarihi\": \"2025-10-15\"}}, {\"model\": \"mainproject.elifbaezberdurumu\", \"pk\": 61, \"fields\": {\"ogrenci\": 114, \"ezber\": 13, \"durum\": \"TAMAMLANDI\", \"baslama_tarihi\": \"2025-10-15\", \"bitis_tarihi\": \"2025-10-15\", \"yorum\": \"\", \"tamamlandi_tarihi\": \"2025-10-15\"}}, {\"model\": \"mainproject.elifbaezberdurumu\", \"pk\": 62, \"fields\": {\"ogrenci\": 114, \"ezber\": 1, \"durum\": \"TAMAMLANDI\", \"baslama_tarihi\": \"2025-10-15\", \"bitis_tarihi\": \"2025-10-15\", \"yorum\": \"\", \"tamamlandi_tarihi\": \"2025-10-15\"}}, {\"model\": \"mainproject.elifbaezberdurumu\", \"pk\": 63, \"fields\": {\"ogrenci\": 114, \"ezber\": 2, \"durum\": \"TAMAMLANDI\", \"baslama_tarihi\": \"2025-10-15\", \"bitis_tarihi\": \"2025-10-15\", \"yorum\": \"\", \"tamamlandi_tarihi\": \"2025-10-15\"}}, {\"model\": \"mainproject.elifbaezberdurumu\", \"pk\": 64, \"fields\": {\"ogrenci\": 113, \"ezber\": 14, \"durum\": \"TAMAMLANDI\", \"baslama_tarihi\": \"2025-10-16\", \"bitis_tarihi\": \"2025-10-16\", \"yorum\": \"\", \"tamamlandi_tarihi\": \"2025-10-16\"}}, {\"model\": \"mainproject.elifbaezberdurumu\", \"pk\": 65, \"fields\": {\"ogrenci\": 121, \"ezber\": 16, \"durum\": \"TAMAMLANDI\", \"baslama_tarihi\": \"2025-10-16\", \"bitis_tarihi\": \"2025-10-16\", \"yorum\": \"\", \"tamamlandi_tarihi\": \"2025-10-16\"}}, {\"model\": \"mainproject.elifbaezberdurumu\", \"pk\": 66, \"fields\": {\"ogrenci\": 112, \"ezber\": 16, \"durum\": \"TAMAMLANDI\", \"baslama_tarihi\": \"2025-10-16\", \"bitis_tarihi\": \"2025-10-16\", \"yorum\": \"\", \"tamamlandi_tarihi\": \"2025-10-16\"}}, {\"model\": \"mainproject.elifbaezberdurumu\", \"pk\": 67, \"fields\": {\"ogrenci\": 120, \"ezber\": 14, \"durum\": \"TAMAMLANDI\", \"baslama_tarihi\": \"2025-10-16\", \"bitis_tarihi\": \"2025-10-16\", \"yorum\": \"\", \"tamamlandi_tarihi\": \"2025-10-16\"}}, {\"model\": \"mainproject.elifbaezberdurumu\", \"pk\": 68, \"fields\": {\"ogrenci\": 114, \"ezber\": 15, \"durum\": \"TAMAMLANDI\", \"baslama_tarihi\": \"2025-10-16\", \"bitis_tarihi\": \"2025-10-16\", \"yorum\": \"\", \"tamamlandi_tarihi\": \"2025-10-16\"}}, {\"model\": \"mainproject.elifbaezberdurumu\", \"pk\": 69, \"fields\": {\"ogrenci\": 113, \"ezber\": 1, \"durum\": \"TAMAMLANDI\", \"baslama_tarihi\": \"2025-10-17\", \"bitis_tarihi\": \"2025-10-17\", \"yorum\": \"\", \"tamamlandi_tarihi\": \"2025-10-17\"}}, {\"model\": \"mainproject.elifbaezberdurumu\", \"pk\": 70, \"fields\": {\"ogrenci\": 113, \"ezber\": 2, \"durum\": \"TAMAMLANDI\", \"baslama_tarihi\": \"2025-10-17\", \"bitis_tarihi\": \"2025-10-17\", \"yorum\": \"\", \"tamamlandi_tarihi\": \"2025-10-17\"}}, {\"model\": \"mainproject.elifbaezberdurumu\", \"pk\": 71, \"fields\": {\"ogrenci\": 121, \"ezber\": 17, \"durum\": \"TAMAMLANDI\", \"baslama_tarihi\": \"2025-10-17\", \"bitis_tarihi\": \"2025-10-17\", \"yorum\": \"\", \"tamamlandi_tarihi\": \"2025-10-17\"}}, {\"model\": \"mainproject.elifbaezberdurumu\", \"pk\": 72, \"fields\": {\"ogrenci\": 112, \"ezber\": 17, \"durum\": \"TAMAMLANDI\", \"baslama_tarihi\": \"2025-10-17\", \"bitis_tarihi\": \"2025-10-17\", \"yorum\": \"\", \"tamamlandi_tarihi\": \"2025-10-17\"}}, {\"model\": \"mainproject.elifbaezberdurumu\", \"pk\": 73, \"fields\": {\"ogrenci\": 120, \"ezber\": 12, \"durum\": \"TAMAMLANDI\", \"baslama_tarihi\": \"2025-10-17\", \"bitis_tarihi\": \"2025-10-20\", \"yorum\": \"\", \"tamamlandi_tarihi\": \"2025-10-20\"}}, {\"model\": \"mainproject.elifbaezberdurumu\", \"pk\": 74, \"fields\": {\"ogrenci\": 120, \"ezber\": 13, \"durum\": \"TAMAMLANDI\", \"baslama_tarihi\": \"2025-10-17\", \"bitis_tarihi\": \"2025-10-20\", \"yorum\": \"\", \"tamamlandi_tarihi\": \"2025-10-20\"}}, {\"model\": \"mainproject.elifbaezberdurumu\", \"pk\": 75, \"fields\": {\"ogrenci\": 114, \"ezber\": 16, \"durum\": \"TAMAMLANDI\", \"baslama_tarihi\": \"2025-10-17\", \"bitis_tarihi\": \"2025-10-17\", \"yorum\": \"\", \"tamamlandi_tarihi\": \"2025-10-17\"}}, {\"model\": \"mainproject.elifbaezberdurumu\", \"pk\": 76, \"fields\": {\"ogrenci\": 113, \"ezber\": 13, \"durum\": \"TAMAMLANDI\", \"baslama_tarihi\": \"2025-10-18\", \"bitis_tarihi\": \"2025-10-20\", \"yorum\": \"\", \"tamamlandi_tarihi\": \"2025-10-20\"}}, {\"model\": \"mainproject.elifbaezberdurumu\", \"pk\": 77, \"fields\": {\"ogrenci\": 113, \"ezber\": 15, \"durum\": \"TAMAMLANDI\", \"baslama_tarihi\": \"2025-10-20\", \"bitis_tarihi\": \"2025-10-20\", \"yorum\": \"\", \"tamamlandi_tarihi\": \"2025-10-20\"}}, {\"model\": \"mainproject.elifbaezberdurumu\", \"pk\": 78, \"fields\": {\"ogrenci\": 117, \"ezber\": 8, \"durum\": \"TAMAMLANDI\", \"baslama_tarihi\": \"2025-10-20\", \"bitis_tarihi\": \"2025-10-20\", \"yorum\": \"\", \"tamamlandi_tarihi\": \"2025-10-20\"}}, {\"model\": \"mainproject.elifbaezberdurumu\", \"pk\": 80, \"fields\": {\"ogrenci\": 114, \"ezber\": 17, \"durum\": \"TAMAMLANDI\", \"baslama_tarihi\": \"2025-10-20\", \"bitis_tarihi\": \"2025-10-20\", \"yorum\": \"\", \"tamamlandi_tarihi\": \"2025-10-20\"}}, {\"model\": \"mainproject.elifbaezberdurumu\", \"pk\": 81, \"fields\": {\"ogrenci\": 115, \"ezber\": 8, \"durum\": \"TAMAMLANDI\", \"baslama_tarihi\": \"2025-10-20\", \"bitis_tarihi\": \"2025-10-20\", \"yorum\": \"\", \"tamamlandi_tarihi\": \"2025-10-20\"}}, {\"model\": \"mainproject.elifbaezberdurumu\", \"pk\": 82, \"fields\": {\"ogrenci\": 113, \"ezber\": 16, \"durum\": \"TAMAMLANDI\", \"baslama_tarihi\": \"2025-10-22\", \"bitis_tarihi\": \"2025-10-22\", \"yorum\": \"\", \"tamamlandi_tarihi\": \"2025-10-22\"}}, {\"model\": \"mainproject.elifbaezberdurumu\", \"pk\": 83, \"fields\": {\"ogrenci\": 113, \"ezber\": 17, \"durum\": \"TAMAMLANDI\", \"baslama_tarihi\": \"2025-10-22\", \"bitis_tarihi\": \"2025-10-22\", \"yorum\": \"\", \"tamamlandi_tarihi\": \"2025-10-22\"}}, {\"model\": \"mainproject.elifbaezberdurumu\", \"pk\": 84, \"fields\": {\"ogrenci\": 117, \"ezber\": 9, \"durum\": \"TAMAMLANDI\", \"baslama_tarihi\": \"2025-10-22\", \"bitis_tarihi\": \"2025-10-22\", \"yorum\": \"\", \"tamamlandi_tarihi\": \"2025-10-22\"}}, {\"model\": \"mainproject.elifbaezberdurumu\", \"pk\": 85, \"fields\": {\"ogrenci\": 117, \"ezber\": 10, \"durum\": \"TAMAMLANDI\", \"baslama_tarihi\": \"2025-10-22\", \"bitis_tarihi\": \"2025-10-22\", \"yorum\": \"\", \"tamamlandi_tarihi\": \"2025-10-22\"}}, {\"model\": \"mainproject.elifbaezberdurumu\", \"pk\": 86, \"fields\": {\"ogrenci\": 120, \"ezber\": 1, \"durum\": \"TAMAMLANDI\", \"baslama_tarihi\": \"2025-10-22\", \"bitis_tarihi\": \"2025-10-22\", \"yorum\": \"\", \"tamamlandi_tarihi\": \"2025-10-22\"}}, {\"model\": \"mainproject.elifbaezberdurumu\", \"pk\": 87, \"fields\": {\"ogrenci\": 120, \"ezber\": 2, \"durum\": \"TAMAMLANDI\", \"baslama_tarihi\": \"2025-10-22\", \"bitis_tarihi\": \"2025-10-22\", \"yorum\": \"\", \"tamamlandi_tarihi\": \"2025-10-22\"}}, {\"model\": \"mainproject.elifbaezberdurumu\", \"pk\": 88, \"fields\": {\"ogrenci\": 120, \"ezber\": 15, \"durum\": \"TAMAMLANDI\", \"baslama_tarihi\": \"2025-10-22\", \"bitis_tarihi\": \"2025-10-22\", \"yorum\": \"\", \"tamamlandi_tarihi\": \"2025-10-22\"}}, {\"model\": \"mainproject.elifbaezberdurumu\", \"pk\": 91, \"fields\": {\"ogrenci\": 115, \"ezber\": 9, \"durum\": \"TAMAMLANDI\", \"baslama_tarihi\": \"2025-10-22\", \"bitis_tarihi\": \"2025-10-22\", \"yorum\": \"\", \"tamamlandi_tarihi\": \"2025-10-22\"}}, {\"model\": \"mainproject.elifbaezberdurumu\", \"pk\": 92, \"fields\": {\"ogrenci\": 115, \"ezber\": 10, \"durum\": \"TAMAMLANDI\", \"baslama_tarihi\": \"2025-10-22\", \"bitis_tarihi\": \"2025-10-22\", \"yorum\": \"\", \"tamamlandi_tarihi\": \"2025-10-22\"}}, {\"model\": \"mainproject.elifbaezberdurumu\", \"pk\": 94, \"fields\": {\"ogrenci\": 120, \"ezber\": 16, \"durum\": \"TAMAMLANDI\", \"baslama_tarihi\": \"2025-10-23\", \"bitis_tarihi\": \"2025-10-24\", \"yorum\": \"\", \"tamamlandi_tarihi\": \"2025-10-24\"}}, {\"model\": \"mainproject.elifbaezberdurumu\", \"pk\": 95, \"fields\": {\"ogrenci\": 117, \"ezber\": 11, \"durum\": \"TAMAMLANDI\", \"baslama_tarihi\": \"2025-10-23\", \"bitis_tarihi\": \"2025-10-23\", \"yorum\": \"\", \"tamamlandi_tarihi\": \"2025-10-23\"}}, {\"model\": \"mainproject.elifbaezberdurumu\", \"pk\": 96, \"fields\": {\"ogrenci\": 115, \"ezber\": 11, \"durum\": \"TAMAMLANDI\", \"baslama_tarihi\": \"2025-10-23\", \"bitis_tarihi\": \"2025-10-24\", \"yorum\": \"\", \"tamamlandi_tarihi\": \"2025-10-24\"}}, {\"model\": \"mainproject.elifbaezberdurumu\", \"pk\": 97, \"fields\": {\"ogrenci\": 117, \"ezber\": 7, \"durum\": \"TAMAMLANDI\", \"baslama_tarihi\": \"2025-10-24\", \"bitis_tarihi\": \"2025-10-24\", \"yorum\": \"\", \"tamamlandi_tarihi\": \"2025-10-24\"}}, {\"model\": \"mainproject.elifbaezberdurumu\", \"pk\": 98, \"fields\": {\"ogrenci\": 117, \"ezber\": 4, \"durum\": \"TAMAMLANDI\", \"baslama_tarihi\": \"2025-10-24\", \"bitis_tarihi\": \"2025-10-24\", \"yorum\": \"\", \"tamamlandi_tarihi\": \"2025-10-24\"}}, {\"model\": \"mainproject.elifbaezberdurumu\", \"pk\": 99, \"fields\": {\"ogrenci\": 117, \"ezber\": 5, \"durum\": \"TAMAMLANDI\", \"baslama_tarihi\": \"2025-10-24\", \"bitis_tarihi\": \"2025-10-24\", \"yorum\": \"\", \"tamamlandi_tarihi\": \"2025-10-24\"}}, {\"model\": \"mainproject.elifbaezberdurumu\", \"pk\": 103, \"fields\": {\"ogrenci\": 115, \"ezber\": 7, \"durum\": \"TAMAMLANDI\", \"baslama_tarihi\": \"2025-10-24\", \"bitis_tarihi\": \"2025-10-24\", \"yorum\": \"\", \"tamamlandi_tarihi\": \"2025-10-24\"}}, {\"model\": \"mainproject.elifbaezberdurumu\", \"pk\": 104, \"fields\": {\"ogrenci\": 115, \"ezber\": 4, \"durum\": \"TAMAMLANDI\", \"baslama_tarihi\": \"2025-10-24\", \"bitis_tarihi\": \"2025-10-24\", \"yorum\": \"\", \"tamamlandi_tarihi\": \"2025-10-24\"}}, {\"model\": \"mainproject.elifbaezberdurumu\", \"pk\": 105, \"fields\": {\"ogrenci\": 115, \"ezber\": 5, \"durum\": \"TAMAMLANDI\", \"baslama_tarihi\": \"2025-10-24\", \"bitis_tarihi\": \"2025-10-24\", \"yorum\": \"\", \"tamamlandi_tarihi\": \"2025-10-24\"}}, {\"model\": \"mainproject.elifbaezberdurumu\", \"pk\": 106, \"fields\": {\"ogrenci\": 117, \"ezber\": 3, \"durum\": \"TAMAMLANDI\", \"baslama_tarihi\": \"2025-10-26\", \"bitis_tarihi\": \"2025-10-26\", \"yorum\": \"\", \"tamamlandi_tarihi\": \"2025-10-26\"}}, {\"model\": \"mainproject.elifbaezberdurumu\", \"pk\": 107, \"fields\": {\"ogrenci\": 117, \"ezber\": 6, \"durum\": \"TAMAMLANDI\", \"baslama_tarihi\": \"2025-10-26\", \"bitis_tarihi\": \"2025-10-26\", \"yorum\": \"\", \"tamamlandi_tarihi\": \"2025-10-26\"}}, {\"model\": \"mainproject.elifbaezberdurumu\", \"pk\": 110, \"fields\": {\"ogrenci\": 115, \"ezber\": 6, \"durum\": \"TAMAMLANDI\", \"baslama_tarihi\": \"2025-10-26\", \"bitis_tarihi\": \"2025-10-26\", \"yorum\": \"\", \"tamamlandi_tarihi\": \"2025-10-26\"}}, {\"model\": \"mainproject.elifbaezberdurumu\", \"pk\": 111, \"fields\": {\"ogrenci\": 115, \"ezber\": 3, \"durum\": \"TAMAMLANDI\", \"baslama_tarihi\": \"2025-10-26\", \"bitis_tarihi\": \"2025-10-26\", \"yorum\": \"\", \"tamamlandi_tarihi\": \"2025-10-26\"}}, {\"model\": \"mainproject.elifbaezberdurumu\", \"pk\": 112, \"fields\": {\"ogrenci\": 124, \"ezber\": 8, \"durum\": \"TAMAMLANDI\", \"baslama_tarihi\": \"2025-10-27\", \"bitis_tarihi\": \"2025-10-27\", \"yorum\": \"\", \"tamamlandi_tarihi\": \"2025-10-27\"}}, {\"model\": \"mainproject.elifbaezberdurumu\", \"pk\": 113, \"fields\": {\"ogrenci\": 117, \"ezber\": 12, \"durum\": \"TAMAMLANDI\", \"baslama_tarihi\": \"2025-10-27\", \"bitis_tarihi\": \"2025-10-27\", \"yorum\": \"\", \"tamamlandi_tarihi\": \"2025-10-27\"}}, {\"model\": \"mainproject.elifbaezberdurumu\", \"pk\": 114, \"fields\": {\"ogrenci\": 117, \"ezber\": 14, \"durum\": \"TAMAMLANDI\", \"baslama_tarihi\": \"2025-10-27\", \"bitis_tarihi\": \"2025-10-27\", \"yorum\": \"\", \"tamamlandi_tarihi\": \"2025-10-27\"}}, {\"model\": \"mainproject.elifbaezberdurumu\", \"pk\": 115, \"fields\": {\"ogrenci\": 115, \"ezber\": 12, \"durum\": \"TAMAMLANDI\", \"baslama_tarihi\": \"2025-10-27\", \"bitis_tarihi\": \"2025-10-27\", \"yorum\": \"\", \"tamamlandi_tarihi\": \"2025-10-27\"}}, {\"model\": \"mainproject.elifbaezberdurumu\", \"pk\": 116, \"fields\": {\"ogrenci\": 124, \"ezber\": 9, \"durum\": \"TAMAMLANDI\", \"baslama_tarihi\": \"2025-10-28\", \"bitis_tarihi\": \"2025-10-28\", \"yorum\": \"\", \"tamamlandi_tarihi\": \"2025-10-28\"}}, {\"model\": \"mainproject.elifbaezberdurumu\", \"pk\": 117, \"fields\": {\"ogrenci\": 117, \"ezber\": 13, \"durum\": \"TAMAMLANDI\", \"baslama_tarihi\": \"2025-10-28\", \"bitis_tarihi\": \"2025-10-28\", \"yorum\": \"\", \"tamamlandi_tarihi\": \"2025-10-28\"}}, {\"model\": \"mainproject.elifbaezberdurumu\", \"pk\": 118, \"fields\": {\"ogrenci\": 117, \"ezber\": 1, \"durum\": \"TAMAMLANDI\", \"baslama_tarihi\": \"2025-10-28\", \"bitis_tarihi\": \"2025-10-28\", \"yorum\": \"\", \"tamamlandi_tarihi\": \"2025-10-28\"}}, {\"model\": \"mainproject.elifbaezberdurumu\", \"pk\": 119, \"fields\": {\"ogrenci\": 117, \"ezber\": 2, \"durum\": \"TAMAMLANDI\", \"baslama_tarihi\": \"2025-10-28\", \"bitis_tarihi\": \"2025-10-28\", \"yorum\": \"\", \"tamamlandi_tarihi\": \"2025-10-28\"}}, {\"model\": \"mainproject.elifbaezberdurumu\", \"pk\": 120, \"fields\": {\"ogrenci\": 115, \"ezber\": 1, \"durum\": \"TAMAMLANDI\", \"baslama_tarihi\": \"2025-10-28\", \"bitis_tarihi\": \"2025-10-28\", \"yorum\": \"\", \"tamamlandi_tarihi\": \"2025-10-28\"}}, {\"model\": \"mainproject.elifbaezberdurumu\", \"pk\": 121, \"fields\": {\"ogrenci\": 115, \"ezber\": 2, \"durum\": \"TAMAMLANDI\", \"baslama_tarihi\": \"2025-10-28\", \"bitis_tarihi\": \"2025-10-28\", \"yorum\": \"\", \"tamamlandi_tarihi\": \"2025-10-28\"}}, {\"model\": \"mainproject.elifbaezberdurumu\", \"pk\": 122, \"fields\": {\"ogrenci\": 115, \"ezber\": 13, \"durum\": \"TAMAMLANDI\", \"baslama_tarihi\": \"2025-10-28\", \"bitis_tarihi\": \"2025-10-28\", \"yorum\": \"\", \"tamamlandi_tarihi\": \"2025-10-28\"}}, {\"model\": \"mainproject.elifbaezberdurumu\", \"pk\": 123, \"fields\": {\"ogrenci\": 115, \"ezber\": 14, \"durum\": \"TAMAMLANDI\", \"baslama_tarihi\": \"2025-10-28\", \"bitis_tarihi\": \"2025-10-28\", \"yorum\": \"\", \"tamamlandi_tarihi\": \"2025-10-28\"}}, {\"model\": \"mainproject.elifbaezberdurumu\", \"pk\": 124, \"fields\": {\"ogrenci\": 124, \"ezber\": 10, \"durum\": \"TAMAMLANDI\", \"baslama_tarihi\": \"2025-10-30\", \"bitis_tarihi\": \"2025-10-30\", \"yorum\": \"\", \"tamamlandi_tarihi\": \"2025-10-30\"}}, {\"model\": \"mainproject.elifbaezberdurumu\", \"pk\": 125, \"fields\": {\"ogrenci\": 117, \"ezber\": 15, \"durum\": \"TAMAMLANDI\", \"baslama_tarihi\": \"2025-10-30\", \"bitis_tarihi\": \"2025-10-30\", \"yorum\": \"\", \"tamamlandi_tarihi\": \"2025-10-30\"}}, {\"model\": \"mainproject.elifbaezberdurumu\", \"pk\": 126, \"fields\": {\"ogrenci\": 117, \"ezber\": 16, \"durum\": \"TAMAMLANDI\", \"baslama_tarihi\": \"2025-10-30\", \"bitis_tarihi\": \"2025-10-30\", \"yorum\": \"\", \"tamamlandi_tarihi\": \"2025-10-30\"}}, {\"model\": \"mainproject.elifbaezberdurumu\", \"pk\": 127, \"fields\": {\"ogrenci\": 120, \"ezber\": 17, \"durum\": \"TAMAMLANDI\", \"baslama_tarihi\": \"2025-10-30\", \"bitis_tarihi\": \"2025-10-30\", \"yorum\": \"\", \"tamamlandi_tarihi\": \"2025-10-30\"}}]",
  "categories": "[{\"model\": \"blog.category\", \"pk\": 1, \"fields\": {\"name\": \"Genel\", \"slug\": \"genel\"}}, {\"model\": \"blog.category\", \"pk\": 2, \"fields\": {\"name\": \"Dini\", \"slug\": \"dini\"}}, {\"model\": \"blog.category\", \"pk\": 3, \"fields\": {\"name\": \"Edebi\", \"slug\": \"edebi\"}}, {\"model\": \"blog.category\", \"pk\": 4, \"fields\": {\"name\": \"Felsefi\", \"slug\": \"felsefi\"}}, {\"model\": \"blog.category\", \"pk\": 5, \"fields\": {\"name\": \"Şiir\", \"slug\": \"siir\"}}, {\"model\": \"blog.category\", \"pk\": 6, \"fields\": {\"name\": \"Motivasyon\", \"slug\": \"motivasyon\"}}, {\"model\": \"blog.category\", \"pk\": 7, \"fields\": {\"name\": \"Bilim\", \"slug\": \"bilim\"}}]",
  "photo_info": [
    {
      "type": "yazi",
      "id": 3,
      "filename": "1000422167_4Es30sK_em3h33B_rMlSYOp_IHAtb8I_5vK58ll_HnK7fUR_Ak7dSRE.jpg",
      "field": "imageUrl"
    },
    {
      "type": "yazi",
      "id": 4,
      "filename": "1000408555_j9TQfNV_0vSkyE1_ssR2Z5s_CaOQxwO_UubEwg1_99TxNdI.jpg",
      "field": "imageUrl"
    },
    {
      "type": "yazi",
      "id": 5,
      "filename": "1000298489_gYoR1hV_eVzX3fH_7ig7og0_1BhHmR4_3u30M6B_xoh48a6.jpg",
      "field": "imageUrl"
    },
    {
      "type": "yazi",
      "id": 6,
      "filename": "1000311597_J4UWM1w_Gy7sFx1_lv4JSSS_Ut23Esp_4AWRafa_IWqQcYg.jpg",
      "field": "imageUrl"
    },
    {
      "type": "yazi",
      "id": 51,
      "filename": "1000412190_PMFi4rl_XFlfOZ5.jpg",
      "field": "imageUrl"
    },
    {
      "type": "yazi",
      "id": 52,
      "filename": "1000314207_w7EkOb0_oQBkm1j.jpg",
      "field": "imageUrl"
    },
    {
      "type": "yazi",
      "id": 53,
      "filename": "1000435738.jpg",
      "field": "imageUrl"
    },
    {
      "type": "yazi",
      "id": 54,
      "filename": "1000408700.jpg",
      "field": "imageUrl"
    },
    {
      "type": "yazi",
      "id": 55,
      "filename": "1000441355.jpg",
      "field": "imageUrl"
    },
    {
      "type": "yazi",
      "id": 56,
      "filename": "1000441299_EkoInBo.jpg",
      "field": "imageUrl"
    },
    {
      "type": "yazi",
      "id": 57,
      "filename": "1000448026.jpg",
      "field": "imageUrl"
    },
    {
      "type": "yazi",
      "id": 60,
      "filename": "1000450290.jpg",
      "field": "imageUrl"
    },
    {
      "type": "yazi",
      "id": 62,
      "filename": "1000453606.jpg",
      "field": "imageUrl"
    },
    {
      "type": "yazi",
      "id": 63,
      "filename": "1000454008.jpg",
      "field": "imageUrl"
    }
  ],
  "backup_date": "2025-11-02T22:12:18.330245+00:00",
  "backup_version": "1.4"
}