{
  "ogrenciler": "[{\"model\": \"mainproject.ogrenci\", \"pk\": 1, \"fields\": {\"ad_soyad\": \"Şeymacım Ayday\", \"kayit_tarihi\": \"2025-09-22\", \"seviye\": \"HAZ1\", \"profil_foto\": \"\", \"ozel_notlar\": \"\", \"son_guncelleme\": \"2025-09-22T20:22:14.847Z\"}}]",
  "yazilar": "[]",
  "ezber_kayitlari": "[]",
  "sinav_sonuclari": "[{\"model\": \"mainproject.sinavsonucu\", \"pk\": 1, \"fields\": {\"ogrenci\": 1, \"ders\": 1, \"sinav_tipi\": \"GENEL\", \"puan\": 0, \"tarih\": \"2025-09-22\", \"aciklama\": \"1. sınav\"}}, {\"model\": \"mainproject.sinavsonucu\", \"pk\": 2, \"fields\": {\"ogrenci\": 1, \"ders\": 2, \"sinav_tipi\": \"GENEL\", \"puan\": 0, \"tarih\": \"2025-09-22\", \"aciklama\": \"1. sınav\"}}, {\"model\": \"mainproject.sinavsonucu\", \"pk\": 3, \"fields\": {\"ogrenci\": 1, \"ders\": 3, \"sinav_tipi\": \"GENEL\", \"puan\": 0, \"tarih\": \"2025-09-22\", \"aciklama\": \"1. sınav\"}}, {\"model\": \"mainproject.sinavsonucu\", \"pk\": 4, \"fields\": {\"ogrenci\": 1, \"ders\": 4, \"sinav_tipi\": \"GENEL\", \"puan\": 0, \"tarih\": \"2025-09-22\", \"aciklama\": \"1. sınav\"}}]",
  "ders_notlari": "[]",
  "alintilar": "[]",
  "dersler": "[{\"model\": \"mainproject.ders\", \"pk\": 1, \"fields\": {\"ad\": \"Akaid (İtikad)\", \"tur\": \"AKAID\", \"aciklama\": \"\"}}, {\"model\": \"mainproject.ders\", \"pk\": 2, \"fields\": {\"ad\": \"Fıkıh (İbadet)\", \"tur\": \"FIKIH\", \"aciklama\": \"\"}}, {\"model\": \"mainproject.ders\", \"pk\": 3, \"fields\": {\"ad\": \"Siyer\", \"tur\": \"SIYER\", \"aciklama\": \"\"}}, {\"model\": \"mainproject.ders\", \"pk\": 4, \"fields\": {\"ad\": \"Tecvid\", \"tur\": \"TECV\", \"aciklama\": \"\"}}]",
  "ezber_sureleri": "[{\"model\": \"mainproject.ezbersuresi\", \"pk\": 1, \"fields\": {\"ad\": \"Mülk Suresi\", \"sira\": 1, \"tahmini_sure\": 7, \"aciklama\": \"\"}}, {\"model\": \"mainproject.ezbersuresi\", \"pk\": 2, \"fields\": {\"ad\": \"Cin Suresi\", \"sira\": 2, \"tahmini_sure\": 7, \"aciklama\": \"\"}}, {\"model\": \"mainproject.ezbersuresi\", \"pk\": 3, \"fields\": {\"ad\": \"Kıyame Suresi\", \"sira\": 3, \"tahmini_sure\": 7, \"aciklama\": \"\"}}, {\"model\": \"mainproject.ezbersuresi\", \"pk\": 4, \"fields\": {\"ad\": \"Cuma Suresi\", \"sira\": 4, \"tahmini_sure\": 7, \"aciklama\": \"\"}}, {\"model\": \"mainproject.ezbersuresi\", \"pk\": 5, \"fields\": {\"ad\": \"Saff Suresi\", \"sira\": 5, \"tahmini_sure\": 7, \"aciklama\": \"\"}}, {\"model\": \"mainproject.ezbersuresi\", \"pk\": 6, \"fields\": {\"ad\": \"Rahman Suresi\", \"sira\": 6, \"tahmini_sure\": 7, \"aciklama\": \"\"}}, {\"model\": \"mainproject.ezbersuresi\", \"pk\": 7, \"fields\": {\"ad\": \"Vakia Suresi\", \"sira\": 7, \"tahmini_sure\": 7, \"aciklama\": \"\"}}, {\"model\": \"mainproject.ezbersuresi\", \"pk\": 8, \"fields\": {\"ad\": \"Fetih Suresi\", \"sira\": 8, \"tahmini_sure\": 7, \"aciklama\": \"\"}}, {\"model\": \"mainproject.ezbersuresi\", \"pk\": 9, \"fields\": {\"ad\": \"Hucurat Suresi\", \"sira\": 9, \"tahmini_sure\": 7, \"aciklama\": \"\"}}, {\"model\": \"mainproject.ezbersuresi\", \"pk\": 10, \"fields\": {\"ad\": \"Yasin Suresi\", \"sira\": 10, \"tahmini_sure\": 7, \"aciklama\": \"\"}}, {\"model\": \"mainproject.ezbersuresi\", \"pk\": 11, \"fields\": {\"ad\": \"Enfal Suresi\", \"sira\": 11, \"tahmini_sure\": 7, \"aciklama\": \"\"}}, {\"model\": \"mainproject.ezbersuresi\", \"pk\": 12, \"fields\": {\"ad\": \"İsra Suresi\", \"sira\": 12, \"tahmini_sure\": 7, \"aciklama\": \"\"}}, {\"model\": \"mainproject.ezbersuresi\", \"pk\": 13, \"fields\": {\"ad\": \"30. Cüz Tamamı\", \"sira\": 13, \"tahmini_sure\": 14, \"aciklama\": \"\"}}]",
  "elifba_ezberleri": "[{\"model\": \"mainproject.elifbaezberi\", \"pk\": 1, \"fields\": {\"ad\": \"Fatiha Suresi\", \"sira\": 1, \"tahmini_sure\": 3, \"aciklama\": \"\"}}, {\"model\": \"mainproject.elifbaezberi\", \"pk\": 2, \"fields\": {\"ad\": \"Bakara 1-5\", \"sira\": 2, \"tahmini_sure\": 5, \"aciklama\": \"\"}}, {\"model\": \"mainproject.elifbaezberi\", \"pk\": 3, \"fields\": {\"ad\": \"Rabbena Duaları\", \"sira\": 3, \"tahmini_sure\": 2, \"aciklama\": \"\"}}, {\"model\": \"mainproject.elifbaezberi\", \"pk\": 4, \"fields\": {\"ad\": \"Ezan Duası\", \"sira\": 4, \"tahmini_sure\": 2, \"aciklama\": \"\"}}, {\"model\": \"mainproject.elifbaezberi\", \"pk\": 5, \"fields\": {\"ad\": \"Kamet\", \"sira\": 5, \"tahmini_sure\": 2, \"aciklama\": \"\"}}, {\"model\": \"mainproject.elifbaezberi\", \"pk\": 6, \"fields\": {\"ad\": \"Tesbihat\", \"sira\": 6, \"tahmini_sure\": 3, \"aciklama\": \"\"}}, {\"model\": \"mainproject.elifbaezberi\", \"pk\": 7, \"fields\": {\"ad\": \"Amentü Duası\", \"sira\": 7, \"tahmini_sure\": 2, \"aciklama\": \"\"}}, {\"model\": \"mainproject.elifbaezberi\", \"pk\": 8, \"fields\": {\"ad\": \"İftitah Duası\", \"sira\": 8, \"tahmini_sure\": 2, \"aciklama\": \"\"}}, {\"model\": \"mainproject.elifbaezberi\", \"pk\": 9, \"fields\": {\"ad\": \"Tahiyyat Duası\", \"sira\": 9, \"tahmini_sure\": 2, \"aciklama\": \"\"}}, {\"model\": \"mainproject.elifbaezberi\", \"pk\": 10, \"fields\": {\"ad\": \"Salli-barik Duaları\", \"sira\": 10, \"tahmini_sure\": 3, \"aciklama\": \"\"}}, {\"model\": \"mainproject.elifbaezberi\", \"pk\": 11, \"fields\": {\"ad\": \"Kunut Duası\", \"sira\": 11, \"tahmini_sure\": 3, \"aciklama\": \"\"}}, {\"model\": \"mainproject.elifbaezberi\", \"pk\": 12, \"fields\": {\"ad\": \"Yemek Duası\", \"sira\": 12, \"tahmini_sure\": 1, \"aciklama\": \"\"}}, {\"model\": \"mainproject.elifbaezberi\", \"pk\": 13, \"fields\": {\"ad\": \"Başlangıç Duası\", \"sira\": 13, \"tahmini_sure\": 1, \"aciklama\": \"\"}}, {\"model\": \"mainproject.elifbaezberi\", \"pk\": 14, \"fields\": {\"ad\": \"İstiğfar Duası\", \"sira\": 14, \"tahmini_sure\": 1, \"aciklama\": \"\"}}, {\"model\": \"mainproject.elifbaezberi\", \"pk\": 15, \"fields\": {\"ad\": \"Ayetel Kürsi\", \"sira\": 15, \"tahmini_sure\": 2, \"aciklama\": \"\"}}, {\"model\": \"mainproject.elifbaezberi\", \"pk\": 16, \"fields\": {\"ad\": \"Amenerrasülü\", \"sira\": 16, \"tahmini_sure\": 3, \"aciklama\": \"\"}}, {\"model\": \"mainproject.elifbaezberi\", \"pk\": 17, \"fields\": {\"ad\": \"La yestevi\", \"sira\": 17, \"tahmini_sure\": 2, \"aciklama\": \"\"}}]",
  "elifba_ezber_durumlari": "[]",
  "photo_info": [],
  "backup_date": "2025-09-22T20:25:30.229591+00:00",
  "backup_version": "1.4"
}